train_info_avarage_neg_fixation_dist,eval_info_avarage_performance,eval_info_sum_normalized_performance,train_test_episodes,eval_info_sum_performance,eval_info_final_neg_fixation_dist,num_episodes,train_info_final_performance,train_info_sum_neg_group_dist,eval_info_sum_neg_fixation_dist,eval_info_avarage_neg_fixation_dist,train_info_final_neg_group_dist,train_info_sum_performance,train_info_final_normalized_performance,eval_info_avarage_normalized_performance,num_steps,eval_info_final_performance,eval_info_final_normalized_performance,eval_test_episodes,reward_loss,train_info_avarage_neg_group_dist,train_info_avarage_performance,eval_info_avarage_neg_group_dist,eval_info_sum_neg_group_dist,eval_test_rewards,eval_info_final_neg_group_dist,train_info_sum_normalized_performance,train_info_avarage_normalized_performance,train_test_rewards,train_info_final_neg_fixation_dist,kl_loss,train_info_sum_neg_fixation_dist,observation_loss,train_rewards
-0.043786686,-0.31062898,-18.334835,9,-31.062897,-0.11990571,14,-0.3379309,-24.246513,-5.5711637,-0.055711634,-0.23324405,-29.500916,-0.28735578,-0.18334836,1391,-0.3782728,-0.441039,18,0.003906255501206033,-0.24246514,-0.29500917,-0.24377501,-24.377499,-31.062896295041405,-0.2343859,-12.384435,-0.12384435,-29.50091622979636,-0.08723906,3.3599135947227476,-4.378669,1950.7779479980468,-28.561283504401956
,,,,,,23,,,,,,,,,2282,,,,0.0005633127397595672,,,,,,,,,,,5.460295617580414,,581.4122012329102,-48.55201611217363
,,,,,,32,,,,,,,,,3173,,,,0.003124723216169514,,,,,,,,,,,7.327124934196473,,404.9808013916016,-32.19125362664798
,,,,,,41,,,,,,,,,4064,,,,0.0005080488382373005,,,,,,,,,,,7.708469514846802,,300.819022064209,-30.41364741044407
,,,,,,50,,,,,,,,,4955,,,,0.0002813904060894856,,,,,,,,,,,7.607004714012146,,252.40941696166993,-31.4774613472088
,,,,,,59,,,,,,,,,5846,,,,0.0003184550092555583,,,,,,,,,,,7.8118106508255005,,232.727599029541,-27.667416729555285
,,,,,,68,,,,,,,,,6737,,,,0.00017849072442913894,,,,,,,,,,,7.7314318084716795,,200.0670881652832,-28.311265456457274
,,,,,,77,,,,,,,,,7628,,,,0.00025618514948291707,,,,,,,,,,,8.433222379684448,,190.21282730102538,-28.44425801003817
,,,,,,86,,,,,,,,,8519,,,,0.0001955303639988415,,,,,,,,,,,8.181376547813416,,175.93647109985352,-31.588175635271227
,,,,,,95,,,,,,,,,9410,,,,0.0003243306846707128,,,,,,,,,,,8.467704172134399,,184.26273422241212,-27.45284278172483
-0.07088614,-0.30800456,-17.33506,27,-30.800455,-0.06818323,104,-0.32217056,-21.957346,-6.370618,-0.06370617,-0.21307403,-30.463684,-0.22731632,-0.1733506,10301,-0.31224197,-0.18949312,36,0.00018209521193057298,-0.21957347,-0.30463684,-0.23155715,-23.155714,-30.800455653370257,-0.2304221,-16.052122,-0.16052124,-30.463684365292195,-0.09091377,8.290527710914612,-7.088615,157.0749317932129,-30.414146275763837
,,,,,,113,,,,,,,,,11192,,,,0.00016956624458543956,,,,,,,,,,,8.187585921287537,,159.4814611816406,-27.5338584292139
,,,,,,122,,,,,,,,,12083,,,,0.00014208886612323112,,,,,,,,,,,8.254475555419923,,149.98978958129882,-30.577695931795056
,,,,,,131,,,,,,,,,12974,,,,0.000511271094874246,,,,,,,,,,,8.233413677215577,,149.7710627746582,-22.35681022802058
,,,,,,140,,,,,,,,,13865,,,,0.00021209062237176113,,,,,,,,,,,8.114970564842224,,146.12055236816406,-21.724993776247015
,,,,,,149,,,,,,,,,14756,,,,0.00015931853733491152,,,,,,,,,,,8.028080282211304,,142.3745207977295,-24.853998606060056
,,,,,,158,,,,,,,,,15647,,,,0.00015699343115556984,,,,,,,,,,,7.860435767173767,,145.60366813659667,-20.821876942390492
,,,,,,167,,,,,,,,,16538,,,,0.00014700296429509763,,,,,,,,,,,7.7629843425750735,,139.61922317504883,-19.074748439252417
,,,,,,176,,,,,,,,,17429,,,,0.00012971899879630656,,,,,,,,,,,7.588214244842529,,134.04556602478027,-19.354813607175757
,,,,,,185,,,,,,,,,18320,,,,0.0001629538367706118,,,,,,,,,,,7.7103631925582885,,138.04880424499513,-19.117374239833143
-0.046130788,-0.23337393,11.095657,45,-23.337395,-0.0491853,194,-0.2374551,-18.527449,-4.4888587,-0.044888586,-0.17859036,-24.063147,0.09540921,0.110956565,19211,-0.23560892,0.102442294,54,0.0001423606416938128,-0.18527451,-0.24063146,-0.17950761,-17.950762,-23.337391492168578,-0.17658657,8.330882,0.083308816,-24.063145236796508,-0.049053956,7.533092465400696,-4.6130786,135.03279518127442,-23.51899771760396
,,,,,,203,,,,,,,,,20102,,,,0.0001538773671927629,,,,,,,,,,,7.606115584373474,,134.78437850952147,-19.608332801480195
,,,,,,212,,,,,,,,,20993,,,,0.00012988713184313382,,,,,,,,,,,7.486022295951844,,133.06135261535644,-22.725137346703036
,,,,,,221,,,,,,,,,21884,,,,0.0001373522513313219,,,,,,,,,,,7.544898056983948,,136.20547843933105,-21.849240123375385
,,,,,,230,,,,,,,,,22775,,,,0.00014421725158172193,,,,,,,,,,,7.478447427749634,,136.97659065246583,-14.469477436465342
,,,,,,239,,,,,,,,,23666,,,,0.00012631663907086476,,,,,,,,,,,7.299179491996765,,129.49952812194823,-17.0596291811654
,,,,,,248,,,,,,,,,24557,,,,0.00010979429425788112,,,,,,,,,,,7.230522179603577,,129.21228759765626,-17.523621983183524
,,,,,,257,,,,,,,,,25448,,,,0.00010250635757984128,,,,,,,,,,,7.266311531066894,,130.60496223449707,-15.88365565683093
,,,,,,266,,,,,,,,,26339,,,,9.551781542540993e-05,,,,,,,,,,,7.192912774085999,,128.83292167663575,-16.813442460024103
,,,,,,275,,,,,,,,,27230,,,,0.00010201237637375016,,,,,,,,,,,7.107271218299866,,129.62037071228028,-15.33081201700793
-0.028053965,-0.15526219,40.852497,63,-15.526219,-0.006340726,284,-0.17309938,-13.380229,-0.63669723,-0.0063669723,-0.12929529,-16.746706,0.3405738,0.40852502,28121,-0.15065101,0.42609143,72,8.285550527943997e-05,-0.1338023,-0.16746704,-0.14762184,-14.762183,-15.526219650228105,-0.14304213,36.20303,0.3620303,-16.746705360508226,-0.036503416,7.054172482490539,-2.8053968,124.50447334289551,-16.518655980420082
,,,,,,293,,,,,,,,,29012,,,,0.0001428552768265945,,,,,,,,,,,7.1105613517761235,,133.64003280639648,-20.634600765342476
,,,,,,302,,,,,,,,,29903,,,,0.00010172263318963815,,,,,,,,,,,7.020092911720276,,126.96253784179687,-15.097554771769065
,,,,,,311,,,,,,,,,30794,,,,9.253970132704126e-05,,,,,,,,,,,7.027398037910461,,123.44122718811035,-18.510201147915936
,,,,,,320,,,,,,,,,31685,,,,8.406913220824209e-05,,,,,,,,,,,6.905202784538269,,123.0905484008789,-26.222731466570202
,,,,,,329,,,,,,,,,32576,,,,9.96195235347841e-05,,,,,,,,,,,6.96876027584076,,123.89729064941406,-17.52290249267826
,,,,,,338,,,,,,,,,33467,,,,9.202288809319726e-05,,,,,,,,,,,6.935658979415893,,123.15055877685546,-19.598022451253442
,,,,,,347,,,,,,,,,34358,,,,9.104654625843978e-05,,,,,,,,,,,6.937646851539612,,121.88326461791992,-15.382061658190885
,,,,,,356,,,,,,,,,35249,,,,9.469307318795473e-05,,,,,,,,,,,6.892568497657776,,122.37719802856445,-16.149116731660467
,,,,,,365,,,,,,,,,36140,,,,9.111602354096249e-05,,,,,,,,,,,6.802310662269592,,120.54335823059083,-14.453309267731754
-0.011113988,-0.15549947,40.762104,81,-15.549949,-0.008485764,374,-0.13005306,-12.142429,-0.8167324,-0.008167324,-0.11600186,-13.476109,0.50455976,0.40762106,37031,-0.15112129,0.42429987,90,9.816530906391563e-05,-0.12142429,-0.13476108,-0.14569868,-14.569868,-15.549947766460113,-0.14093836,48.662453,0.4866245,-13.476107464202565,-0.011709344,6.800901212692261,-1.1113989,123.4289737701416,-13.058923568039322
,,,,,,383,,,,,,,,,37922,,,,7.814605032763211e-05,,,,,,,,,,,6.667208895683289,,118.28726310729981,-13.042864561805779
,,,,,,392,,,,,,,,,38813,,,,7.908506126113934e-05,,,,,,,,,,,6.71657060623169,,118.13044799804688,-14.91135061832272
,,,,,,401,,,,,,,,,39704,,,,8.344030775333521e-05,,,,,,,,,,,6.605697960853576,,118.80738487243653,-16.922524710129313
,,,,,,410,,,,,,,,,40595,,,,8.720808869838948e-05,,,,,,,,,,,6.620367727279663,,118.48110389709473,-15.95970740717898
,,,,,,419,,,,,,,,,41486,,,,8.278023396997014e-05,,,,,,,,,,,6.594628381729126,,118.28904487609863,-13.531842653912069
,,,,,,428,,,,,,,,,42377,,,,8.122851144435117e-05,,,,,,,,,,,6.6039950466156006,,118.39614967346192,-21.877234756963773
,,,,,,437,,,,,,,,,43268,,,,0.0001344062152929837,,,,,,,,,,,6.597121291160583,,118.27135841369629,-20.156031227399364
,,,,,,446,,,,,,,,,44159,,,,9.19835910826805e-05,,,,,,,,,,,6.648245525360108,,118.00924575805664,-14.85015330022771
,,,,,,455,,,,,,,,,45050,,,,0.0001011847983681946,,,,,,,,,,,6.60187418460846,,118.17193031311035,-12.246181113673991
-0.055372003,-0.19568606,25.452938,99,-19.568604,-0.057476,464,-0.22701025,-15.691298,-4.6625557,-0.046625555,-0.14742345,-22.335938,0.13519913,0.25452936,45941,-0.20037484,0.23666732,108,7.460826192982494e-05,-0.15691298,-0.22335939,-0.13973539,-13.973537,-19.568604854688182,-0.13140363,14.910717,0.14910716,-22.335938295039625,-0.06632235,6.4951478099823,-5.5372005,115.23886032104492,-20.78326661707598
,,,,,,473,,,,,,,,,46832,,,,9.78681790002156e-05,,,,,,,,,,,6.583748297691345,,122.38289901733398,-14.117660142522562
,,,,,,482,,,,,,,,,47723,,,,6.951933184609515e-05,,,,,,,,,,,6.465953311920166,,116.0132900238037,-17.178051355527145
,,,,,,491,,,,,,,,,48614,,,,7.668104895856231e-05,,,,,,,,,,,6.440311002731323,,114.15157165527344,-16.689710038756427
,,,,,,500,,,,,,,,,49505,,,,6.849816956673749e-05,,,,,,,,,,,6.451829738616944,,114.44381744384765,-17.017125573777868
,,,,,,509,,,,,,,,,50396,,,,6.545090596773661e-05,,,,,,,,,,,6.40491557598114,,112.90572563171386,-18.48727935961284
,,,,,,518,,,,,,,,,51287,,,,7.885223683842924e-05,,,,,,,,,,,6.426614804267883,,115.14440620422363,-15.976740975658917
,,,,,,527,,,,,,,,,52178,,,,7.556355340057052e-05,,,,,,,,,,,6.4173537588119505,,114.19666397094727,-20.196318399498946
,,,,,,536,,,,,,,,,53069,,,,0.000102184042261797,,,,,,,,,,,6.3875873041152955,,115.43199775695801,-18.227531246292237
,,,,,,545,,,,,,,,,53960,,,,0.00011563217081857147,,,,,,,,,,,6.402475132942199,,123.87929214477539,-14.537304174041672
-0.019400975,-0.17172067,34.582615,117,-17.172066,-0.027026547,554,-0.17737512,-15.345788,-2.413449,-0.024134489,-0.14951478,-17.673904,0.32428527,0.34582612,54851,-0.1707402,0.34956118,126,8.006985932297539e-05,-0.15345788,-0.17673904,-0.14275928,-14.275927,-17.17206561134843,-0.13830835,32.67085,0.32670847,-17.67390404409837,-0.023216944,6.356518340110779,-1.9400973,112.74297111511231,-19.40457789604885
,,,,,,563,,,,,,,,,55742,,,,9.34404986401205e-05,,,,,,,,,,,6.399758129119873,,113.43144950866699,-11.210286651435887
,,,,,,572,,,,,,,,,56633,,,,6.824002313805977e-05,,,,,,,,,,,6.331289081573487,,112.33692642211913,-16.81446716343966
,,,,,,581,,,,,,,,,57524,,,,8.415080272243358e-05,,,,,,,,,,,6.3500008249282835,,114.23011512756348,-17.20805036558066
,,,,,,590,,,,,,,,,58415,,,,7.286561940418323e-05,,,,,,,,,,,6.296514420509339,,112.6523445892334,-14.559936681645063
,,,,,,599,,,,,,,,,59306,,,,6.701904912915779e-05,,,,,,,,,,,6.328403515815735,,112.70140884399414,-12.997715206279949
,,,,,,608,,,,,,,,,60197,,,,7.97670091924374e-05,,,,,,,,,,,6.316030831336975,,114.35109474182129,-15.129372193623475
,,,,,,617,,,,,,,,,61088,,,,7.802882100804709e-05,,,,,,,,,,,6.283434619903565,,113.16877998352051,-21.683044780283506
,,,,,,626,,,,,,,,,61979,,,,0.00014745175911230036,,,,,,,,,,,6.275906057357788,,113.64834297180175,-15.313425486315241
,,,,,,635,,,,,,,,,62870,,,,7.562478273030137e-05,,,,,,,,,,,6.235275774002075,,110.98338768005371,-20.004419888981463
-0.03364744,-0.13624886,48.095676,135,-13.624886,-0.020221932,644,-0.16401023,-12.547999,-1.7176042,-0.017176041,-0.11915442,-16.585693,0.37519917,0.48095676,63761,-0.13304086,0.49317768,144,8.751929075515364e-05,-0.12548,-0.16585691,-0.115637615,-11.563761,-13.624885844814633,-0.10877454,36.81642,0.3681642,-16.58569151793933,-0.03737984,6.251554613113403,-3.3647442,112.85077239990234,-18.110400912252388
,,,,,,653,,,,,,,,,64652,,,,6.559091238159454e-05,,,,,,,,,,,6.251053581237793,,112.9776594543457,-19.83659096832454
,,,,,,662,,,,,,,,,65543,,,,0.0001249246480074362,,,,,,,,,,,6.264410839080811,,114.24482376098632,-17.293084417475388
,,,,,,671,,,,,,,,,66434,,,,9.422101898962864e-05,,,,,,,,,,,6.27768500328064,,113.34750312805176,-15.94558056689258
,,,,,,680,,,,,,,,,67325,,,,6.898721694597043e-05,,,,,,,,,,,6.259984674453736,,113.69893859863281,-15.03926119743278
,,,,,,689,,,,,,,,,68216,,,,7.9848267705529e-05,,,,,,,,,,,6.2460135555267335,,111.63238822937012,-13.37021676778475
,,,,,,698,,,,,,,,,69107,,,,8.216490383347263e-05,,,,,,,,,,,6.204545350074768,,110.99669158935546,-18.241152076916574
,,,,,,707,,,,,,,,,69998,,,,6.786986381484894e-05,,,,,,,,,,,6.292359037399292,,112.5910733795166,-15.653097746755893
,,,,,,716,,,,,,,,,70889,,,,6.616227037739008e-05,,,,,,,,,,,6.242038021087646,,111.310537109375,-13.853580475906675
,,,,,,725,,,,,,,,,71780,,,,6.1492521326727e-05,,,,,,,,,,,6.230838675498962,,110.589702835083,-12.834873944970361
-0.019145306,-0.13396022,48.967537,153,-13.396023,-0.015602412,734,-0.14387996,-12.253979,-1.3730998,-0.013731,-0.11555806,-14.551415,0.45188585,0.48967537,72671,-0.13129993,0.4998098,162,6.357916005072184e-05,-0.12253979,-0.14551416,-0.11748303,-11.748302,-13.396022485716774,-0.11257704,44.566036,0.4456604,-14.551415766729646,-0.0236016,6.1743533277511595,-1.9145306,111.14532981872559,-11.26923998089207
,,,,,,743,,,,,,,,,73562,,,,6.86515997585957e-05,,,,,,,,,,,6.147085914611816,,110.5629433441162,-19.649519904860327
,,,,,,752,,,,,,,,,74453,,,,6.827575805800734e-05,,,,,,,,,,,6.244206714630127,,111.65322364807129,-13.83655833518262
,,,,,,761,,,,,,,,,75344,,,,6.988106924836757e-05,,,,,,,,,,,6.1977444887161255,,112.89750526428223,-15.410867344343277
,,,,,,770,,,,,,,,,76235,,,,7.380929651844781e-05,,,,,,,,,,,6.209604978561401,,112.35870445251464,-13.390631873809983
,,,,,,779,,,,,,,,,77126,,,,6.659593747826876e-05,,,,,,,,,,,6.195090208053589,,110.44056373596192,-12.050457813981328
,,,,,,788,,,,,,,,,78017,,,,6.107720197178424e-05,,,,,,,,,,,6.258088955879211,,110.24130958557129,-13.18443955400164
,,,,,,797,,,,,,,,,78908,,,,6.249763242522022e-05,,,,,,,,,,,6.15395920753479,,108.90749961853027,-15.332007493471306
,,,,,,806,,,,,,,,,79799,,,,5.299427188219852e-05,,,,,,,,,,,6.194764618873596,,108.27641502380371,-14.579763173101314
,,,,,,815,,,,,,,,,80690,,,,6.614041049033404e-05,,,,,,,,,,,6.194922523498535,,109.82437568664551,-12.675434267591491
-0.021545189,-0.13118851,50.02343,171,-13.118851,-0.055567887,824,-0.13364023,-10.62718,-2.3341987,-0.023341985,-0.09981606,-13.212603,0.49089438,0.5002343,81581,-0.16365963,0.37653482,180,6.974458401600713e-05,-0.1062718,-0.13212602,-0.10317812,-10.317813,-13.118850928837443,-0.09697815,49.66628,0.4966628,-13.212602497528296,-0.028186807,6.113100247383118,-2.1545186,109.41457801818848,-13.022267050257426
,,,,,,833,,,,,,,,,82472,,,,5.5947017754078845e-05,,,,,,,,,,,6.063916010856628,,107.64147583007812,-12.217918771048934
,,,,,,842,,,,,,,,,83363,,,,5.244509417025256e-05,,,,,,,,,,,6.072517828941345,,107.63133071899414,-14.319302208873362
,,,,,,851,,,,,,,,,84254,,,,5.497870963154128e-05,,,,,,,,,,,6.089632406234741,,108.16012512207031,-12.73283466268916
,,,,,,860,,,,,,,,,85145,,,,4.782939400683972e-05,,,,,,,,,,,6.069633059501648,,107.75494995117188,-13.197053636461776
,,,,,,869,,,,,,,,,86036,,,,9.961134786863112e-05,,,,,,,,,,,6.017647829055786,,106.62507362365723,-13.822281174107209
,,,,,,878,,,,,,,,,86927,,,,6.625452877415228e-05,,,,,,,,,,,6.000551662445068,,106.50257286071778,-11.95171183728554
,,,,,,887,,,,,,,,,87818,,,,4.426024948770646e-05,,,,,,,,,,,5.870172395706176,,105.54777465820312,-11.869744448076283
,,,,,,896,,,,,,,,,88709,,,,4.7882038852549155e-05,,,,,,,,,,,5.911781945228577,,105.89763984680175,-13.368829040640971
,,,,,,905,,,,,,,,,89600,,,,5.446091481644544e-05,,,,,,,,,,,5.9074381065368655,,106.32042762756348,-18.636108967660437
-0.007943442,-0.15218316,42.025467,189,-15.218316,-0.024089731,914,-0.11085313,-10.661396,-2.201035,-0.02201035,-0.100712724,-11.61461,0.5777024,0.42025465,90491,-0.14912036,0.4319225,198,5.939399656199385e-05,-0.106613964,-0.116146095,-0.12577073,-12.577074,-15.218316573863765,-0.12021269,55.75387,0.5575387,-11.614609750826236,-0.00845034,5.948748960494995,-0.79434425,108.15591072082519,-14.78585399754205
,,,,,,923,,,,,,,,,91382,,,,5.172483051865129e-05,,,,,,,,,,,5.875713415145874,,107.20447044372558,-12.39019497785546
,,,,,,932,,,,,,,,,92273,,,,4.380956050226814e-05,,,,,,,,,,,5.784940662384034,,104.824048538208,-15.160388545473959
,,,,,,941,,,,,,,,,93164,,,,4.3647293805406664e-05,,,,,,,,,,,5.856480073928833,,105.73393966674804,-12.252192303683275
,,,,,,950,,,,,,,,,94055,,,,4.198686941890628e-05,,,,,,,,,,,5.860966081619263,,105.31129516601563,-12.54259641472203
,,,,,,959,,,,,,,,,94946,,,,4.173400311628939e-05,,,,,,,,,,,5.857967667579651,,103.58992004394531,-17.94774390297839
,,,,,,968,,,,,,,,,95837,,,,5.6345847879129e-05,,,,,,,,,,,5.819889945983887,,105.83730049133301,-16.71956379574995
,,,,,,977,,,,,,,,,96728,,,,4.924639017190202e-05,,,,,,,,,,,5.821246476173401,,105.52192543029786,-14.52099875018919
,,,,,,986,,,,,,,,,97619,,,,4.497943678870797e-05,,,,,,,,,,,5.887487931251526,,105.319423828125,-15.135375293995626
,,,,,,995,,,,,,,,,98510,,,,4.316542672313517e-05,,,,,,,,,,,5.858859748840332,,104.95892807006835,-15.55306005479125
-0.034540586,-0.15695132,40.209026,207,-15.695131,-0.027486881,1004,-0.18283303,-14.193224,-2.3690996,-0.023690995,-0.13679141,-18.338093,0.30349326,0.40209025,99401,-0.15852468,0.39609656,216,4.567106097965734e-05,-0.14193223,-0.18338092,-0.12852213,-12.852212,-15.695131632669606,-0.12554042,30.140602,0.30140603,-18.3380935066804,-0.038368,5.85155592918396,-3.4540584,105.86105262756348,-16.067712765471395
,,,,,,1013,,,,,,,,,100292,,,,4.887684206551057e-05,,,,,,,,,,,5.885345921516419,,105.71669273376465,-17.220544584567847
,,,,,,1022,,,,,,,,,101183,,,,5.728404732508352e-05,,,,,,,,,,,5.833114471435547,,104.42128860473633,-12.664699248148748
,,,,,,1031,,,,,,,,,102074,,,,5.828746092447545e-05,,,,,,,,,,,5.861720857620239,,104.98407897949218,-12.19138029202857
,,,,,,1040,,,,,,,,,102965,,,,3.90028228139272e-05,,,,,,,,,,,5.781873168945313,,103.34087203979492,-19.230300259580282
,,,,,,1049,,,,,,,,,103856,,,,4.697358153862297e-05,,,,,,,,,,,5.833407588005066,,105.5933758544922,-14.597336273251265
,,,,,,1058,,,,,,,,,104747,,,,4.2490929099585626e-05,,,,,,,,,,,5.815707454681396,,103.56096481323242,-16.232319898720586
,,,,,,1067,,,,,,,,,105638,,,,4.9016984885383866e-05,,,,,,,,,,,5.793277592658996,,102.74293891906738,-15.651253632664883
,,,,,,1076,,,,,,,,,106529,,,,3.8823443628643875e-05,,,,,,,,,,,5.855193099975586,,103.36724388122559,-19.573269000377636
,,,,,,1085,,,,,,,,,107420,,,,5.9770197622128763e-05,,,,,,,,,,,5.879107742309571,,104.09719551086425,-16.62763690228104
-0.032323416,-0.14268962,45.642048,225,-14.268962,-0.018744243,1094,-0.16972324,-13.113166,-1.6938626,-0.016938627,-0.12589592,-16.991976,0.3534353,0.4564205,108311,-0.13724102,0.47717708,234,6.63275073566183e-05,-0.13113165,-0.16991976,-0.12236327,-12.236328,-14.268962438388314,-0.11474792,35.26867,0.3526867,-16.99197538913932,-0.036522787,5.88564211845398,-3.2323415,104.46774177551269,-17.279615578501883
,,,,,,1103,,,,,,,,,109202,,,,6.718003955029417e-05,,,,,,,,,,,5.8421503353118895,,103.83865013122559,-13.942706032193186
,,,,,,1112,,,,,,,,,110093,,,,5.149932640051702e-05,,,,,,,,,,,5.838248562812805,,103.55043586730957,-12.619088967868437
,,,,,,1121,,,,,,,,,110984,,,,4.244400835887063e-05,,,,,,,,,,,5.738796744346619,,101.11295196533203,-14.48223472634926
,,,,,,1130,,,,,,,,,111875,,,,4.1426349689572816e-05,,,,,,,,,,,5.7968232488632205,,102.09422080993653,-14.945963355063604
,,,,,,1139,,,,,,,,,112766,,,,4.4616077721002514e-05,,,,,,,,,,,5.83115825176239,,103.04174194335937,-11.771607654766763
,,,,,,1148,,,,,,,,,113657,,,,3.9843404265411665e-05,,,,,,,,,,,5.753689594268799,,101.4859954071045,-12.76184075757903
,,,,,,1157,,,,,,,,,114548,,,,4.2781785432453034e-05,,,,,,,,,,,5.748693995475769,,101.23197052001953,-17.580481020888765
,,,,,,1166,,,,,,,,,115439,,,,4.337677875810186e-05,,,,,,,,,,,5.852085390090942,,102.32799438476563,-12.854010158238033
,,,,,,1175,,,,,,,,,116330,,,,4.7876026383164574e-05,,,,,,,,,,,5.772183303833008,,101.01422248840332,-15.702747544784282
-0.029471826,-0.20355426,22.455524,243,-20.355425,-0.0293696,1184,-0.17491147,-13.594783,-2.569389,-0.025693893,-0.13083512,-17.131403,0.33367062,0.22455525,117221,-0.20536259,0.21766646,252,4.241483857185813e-05,-0.13594782,-0.17131402,-0.1727216,-17.27216,-20.355426110537408,-0.17011905,34.737526,0.3473752,-17.131401305292965,-0.036730308,5.787351779937744,-2.9471827,101.27550422668457,-13.445959772491914
,,,,,,1193,,,,,,,,,118112,,,,3.95814047078602e-05,,,,,,,,,,,5.724114575386047,,100.81512733459472,-12.566568454926845
,,,,,,1202,,,,,,,,,119003,,,,3.944086289266124e-05,,,,,,,,,,,5.761228742599488,,100.39080177307129,-14.115135387696728
,,,,,,1211,,,,,,,,,119894,,,,4.150628214119934e-05,,,,,,,,,,,5.780043320655823,,100.40163528442383,-13.143252129039654
,,,,,,1220,,,,,,,,,120785,,,,3.856563071167329e-05,,,,,,,,,,,5.7139059257507325,,100.09738418579101,-13.634899184491468
,,,,,,1229,,,,,,,,,121676,,,,4.6543022053811e-05,,,,,,,,,,,5.795940442085266,,100.96843360900878,-16.793689108459553
,,,,,,1238,,,,,,,,,122567,,,,4.3639619143505115e-05,,,,,,,,,,,5.744835786819458,,100.13464431762695,-15.674795325077374
,,,,,,1247,,,,,,,,,123458,,,,4.2267428125342124e-05,,,,,,,,,,,5.769709496498108,,100.54787971496582,-12.60762599112673
,,,,,,1256,,,,,,,,,124349,,,,4.159554382567876e-05,,,,,,,,,,,5.701211090087891,,98.70157737731934,-13.022029603282883
,,,,,,1265,,,,,,,,,125240,,,,3.665311513032066e-05,,,,,,,,,,,5.70661735534668,,98.60111373901367,-11.11541791153109
-0.007108434,-0.13267933,49.455498,261,-13.267933,-0.0462673,1274,-0.11921224,-11.600178,-2.4870875,-0.024870872,-0.11031056,-12.45319,0.54585814,0.49455503,126131,-0.15636045,0.40434128,270,3.378292874913313e-05,-0.11600176,-0.12453188,-0.10283427,-10.283427,-13.267931680464251,-0.10083967,52.559288,0.5255928,-12.453188583461033,-0.0074180565,5.795444059371948,-0.71084344,98.76027465820313,-20.171549273833502
,,,,,,1283,,,,,,,,,127022,,,,6.106618549893028e-05,,,,,,,,,,,5.78817223072052,,102.11303207397461,-14.45071897034969
,,,,,,1292,,,,,,,,,127913,,,,5.1471271690388675e-05,,,,,,,,,,,5.737164869308471,,99.3647386932373,-12.841958315111938
,,,,,,1301,,,,,,,,,128804,,,,3.827351667496259e-05,,,,,,,,,,,5.751843371391296,,99.4142456817627,-15.941010466544729
,,,,,,1310,,,,,,,,,129695,,,,3.840313709588372e-05,,,,,,,,,,,5.740258388519287,,99.68075057983398,-20.45091031489532
,,,,,,1319,,,,,,,,,130586,,,,3.703014626807999e-05,,,,,,,,,,,5.75105712890625,,99.60384483337403,-12.733031972675224
,,,,,,1328,,,,,,,,,131477,,,,3.18975692607637e-05,,,,,,,,,,,5.73239896774292,,98.00375564575195,-19.99580266658609
,,,,,,1337,,,,,,,,,132368,,,,4.8002242219808974e-05,,,,,,,,,,,5.743105945587158,,99.08296669006347,-15.371538148106563
,,,,,,1346,,,,,,,,,133259,,,,5.2534562655637274e-05,,,,,,,,,,,5.759928755760193,,98.95760063171387,-11.047136021375486
,,,,,,1355,,,,,,,,,134150,,,,4.2350246530986624e-05,,,,,,,,,,,5.726709580421447,,97.8175212097168,-11.914964656838654
-0.023506032,-0.11968436,54.40596,279,-11.968434,-0.016383361,1364,-0.13280137,-10.419621,-1.132586,-0.011325859,-0.098704174,-13.240345,0.49409002,0.54405963,135041,-0.11828414,0.5493938,288,3.873885772918584e-05,-0.10419622,-0.13240345,-0.10609332,-10.609333,-11.968435608336991,-0.09862411,49.560593,0.49560595,-13.240345302581659,-0.028414335,5.7542726421356205,-2.3506033,97.69202293395996,-13.847718652166073
,,,,,,1373,,,,,,,,,135932,,,,4.0699860983295365e-05,,,,,,,,,,,5.7706031274795535,,97.6898072052002,-12.218048365097012
,,,,,,1382,,,,,,,,,136823,,,,3.835765026451554e-05,,,,,,,,,,,5.781059069633484,,98.26311561584473,-16.120350067918746
,,,,,,1391,,,,,,,,,137714,,,,4.370461938378867e-05,,,,,,,,,,,5.786565985679626,,98.31554290771484,-15.73647005603036
,,,,,,1400,,,,,,,,,138605,,,,4.0084400916384765e-05,,,,,,,,,,,5.76354748249054,,98.00791404724121,-14.354075725601497
,,,,,,1409,,,,,,,,,139496,,,,4.136667288548779e-05,,,,,,,,,,,5.803195819854737,,97.62543395996094,-13.692072513962923
,,,,,,1418,,,,,,,,,140387,,,,4.286850275093457e-05,,,,,,,,,,,5.82371229171753,,98.79200355529785,-12.593130175834375
,,,,,,1427,,,,,,,,,141278,,,,3.728138350197696e-05,,,,,,,,,,,5.805060057640076,,98.40639602661133,-12.116722920651691
,,,,,,1436,,,,,,,,,142169,,,,3.5623022540676175e-05,,,,,,,,,,,5.808932509422302,,97.81203567504883,-15.052839438257163
,,,,,,1445,,,,,,,,,143060,,,,3.7900137449469185e-05,,,,,,,,,,,5.857323455810547,,98.91208435058594,-14.77012909559178
-0.016558742,-0.115503706,55.99859,297,-11.550371,-0.0136346705,1454,-0.14164342,-12.3914385,-1.2263514,-0.012263514,-0.11994653,-14.378488,0.46040604,0.5599859,143951,-0.11137664,0.5757081,306,4.358266605777317e-05,-0.12391439,-0.14378485,-0.1007875,-10.078749,-11.550371191194342,-0.095015034,45.22481,0.45224816,-14.378487205498674,-0.018080736,5.865045418739319,-1.6558743,99.96109794616699,-14.391536606830085
,,,,,,1463,,,,,,,,,144842,,,,3.7109303921170064e-05,,,,,,,,,,,5.791302118301392,,98.99734580993652,-11.801906664432115
,,,,,,1472,,,,,,,,,145733,,,,3.567239697076729e-05,,,,,,,,,,,5.8007510471343995,,98.07648742675781,-14.328183613446575
,,,,,,1481,,,,,,,,,146624,,,,3.444828218562179e-05,,,,,,,,,,,5.780537209510803,,97.91774459838867,-13.368873860385408
,,,,,,1490,,,,,,,,,147515,,,,3.5948418135376416e-05,,,,,,,,,,,5.741586918830872,,96.63361198425292,-12.201357401747584
,,,,,,1499,,,,,,,,,148406,,,,3.5231426500104136e-05,,,,,,,,,,,5.806132674217224,,97.03386108398438,-20.542340093884558
,,,,,,1508,,,,,,,,,149297,,,,5.331045242201071e-05,,,,,,,,,,,5.824822158813476,,99.01296745300293,-11.997541133519947
,,,,,,1517,,,,,,,,,150188,,,,3.6341370941954667e-05,,,,,,,,,,,5.8217089653015135,,97.430464553833,-16.185291844354726
,,,,,,1526,,,,,,,,,151079,,,,4.056953150211484e-05,,,,,,,,,,,5.891893444061279,,98.46114944458007,-22.44332369419246
,,,,,,1535,,,,,,,,,151970,,,,4.7056019684532655e-05,,,,,,,,,,,5.87970000743866,,99.53615974426269,-15.418066826614064
-0.013121927,-0.12906316,50.833088,315,-12.906315,-0.013502438,1544,-0.12539019,-11.321474,-0.9392324,-0.009392324,-0.108339675,-12.896104,0.5223231,0.5083309,152861,-0.12810689,0.5119738,324,4.90663498021604e-05,-0.11321473,-0.12896104,-0.11779237,-11.779237,-12.906315627283698,-0.11190396,50.87199,0.50871986,-12.896104188756203,-0.014208764,5.91372615814209,-1.3121927,100.48813499450684,-23.24914822853659
,,,,,,1553,,,,,,,,,153752,,,,5.1255078833492004e-05,,,,,,,,,,,5.956115074157715,,101.23017227172852,-21.287616710094103
,,,,,,1562,,,,,,,,,154643,,,,4.7234957783075515e-05,,,,,,,,,,,5.899881916046143,,104.56672134399415,-19.30741925615414
,,,,,,1571,,,,,,,,,155534,,,,5.1969070136692606e-05,,,,,,,,,,,6.023273191452026,,102.15294761657715,-12.805392528699544
,,,,,,1580,,,,,,,,,156425,,,,4.050787780215614e-05,,,,,,,,,,,5.928410243988037,,99.04834548950195,-23.66331361805663
,,,,,,1589,,,,,,,,,157316,,,,7.336836961258086e-05,,,,,,,,,,,6.012953362464905,,100.48497329711914,-17.29558197180693
,,,,,,1598,,,,,,,,,158207,,,,6.929756615136285e-05,,,,,,,,,,,5.988430557250976,,101.0802619934082,-11.893902849192282
,,,,,,1607,,,,,,,,,159098,,,,5.598649449893856e-05,,,,,,,,,,,6.0608969497680665,,100.65101203918456,-13.03956583555093
,,,,,,1616,,,,,,,,,159989,,,,4.7533239503536605e-05,,,,,,,,,,,5.959664416313172,,99.87404006958008,-13.042008716736197
,,,,,,1625,,,,,,,,,160880,,,,4.4890929566463455e-05,,,,,,,,,,,6.01942629814148,,99.34766510009766,-15.595667796596457
-0.022737805,-0.10824339,58.764423,333,-10.824339,-0.024474077,1634,-0.14205252,-11.713725,-1.202959,-0.012029588,-0.11095276,-14.442261,0.45884758,0.5876442,161771,-0.11803891,0.550328,342,4.969132365658879e-05,-0.11713724,-0.1444226,-0.09380788,-9.380789,-10.82433982164447,-0.088670015,44.981865,0.4498187,-14.442261042775815,-0.02591647,6.053746409416199,-2.2737806,101.198388671875,-16.425502836328917
,,,,,,1643,,,,,,,,,162662,,,,4.826315109312418e-05,,,,,,,,,,,6.026147928237915,,99.60320129394532,-14.291178015939742
,,,,,,1652,,,,,,,,,163553,,,,4.3890539454878305e-05,,,,,,,,,,,6.072603821754456,,100.56353958129883,-12.282868338124123
,,,,,,1661,,,,,,,,,164444,,,,4.679168909206055e-05,,,,,,,,,,,6.052539305686951,,99.99445503234864,-13.645781459097272
,,,,,,1670,,,,,,,,,165335,,,,4.292782616175828e-05,,,,,,,,,,,6.059799475669861,,100.11295455932617,-13.238242587722555
,,,,,,1679,,,,,,,,,166226,,,,4.535761712759267e-05,,,,,,,,,,,6.0729687309265135,,100.13738891601562,-16.231344082247258
,,,,,,1688,,,,,,,,,167117,,,,5.246122753305826e-05,,,,,,,,,,,6.13848662853241,,100.44416450500488,-14.41432494326956
,,,,,,1697,,,,,,,,,168008,,,,4.6894888237147823e-05,,,,,,,,,,,6.104521527290344,,101.7762964630127,-14.24216583744985
,,,,,,1706,,,,,,,,,168899,,,,4.3872264359379185e-05,,,,,,,,,,,6.111129431724549,,100.38716438293457,-19.32373929316299
,,,,,,1715,,,,,,,,,169790,,,,6.177478875542875e-05,,,,,,,,,,,6.125604166984558,,101.79295867919922,-12.62686704226522
-0.034869973,-0.19517936,25.645962,351,-19.517937,-0.07588879,1724,-0.18335982,-13.81449,-6.9183536,-0.06918354,-0.13249141,-17.99889,0.30148646,0.2564596,170681,-0.19573683,0.25433606,360,4.9128775426652286e-05,-0.13814491,-0.17998888,-0.11215912,-11.215912,-19.51793663399455,-0.10467026,31.432814,0.31432813,-17.99888817087132,-0.042390347,6.10339394569397,-3.4869974,100.86383224487305,-13.519870062164886
,,,,,,1733,,,,,,,,,171572,,,,4.817145341803552e-05,,,,,,,,,,,6.061044721603394,,99.64438331604003,-11.766702494389248
,,,,,,1742,,,,,,,,,172463,,,,4.536589509370969e-05,,,,,,,,,,,6.0524094295501705,,99.07882041931153,-12.463556948667815
,,,,,,1751,,,,,,,,,173354,,,,4.283678035790217e-05,,,,,,,,,,,6.072998728752136,,98.86590492248536,-16.53330520202364
,,,,,,1760,,,,,,,,,174245,,,,6.931807183718774e-05,,,,,,,,,,,6.055413861274719,,98.95182472229004,-15.57107596298479
,,,,,,1769,,,,,,,,,175136,,,,5.7570140834286574e-05,,,,,,,,,,,6.128812861442566,,100.13181953430175,-11.850537259037122
,,,,,,1778,,,,,,,,,176027,,,,4.61097606603289e-05,,,,,,,,,,,6.052131776809692,,98.26688835144043,-15.217397648421805
,,,,,,1787,,,,,,,,,176918,,,,4.110204423341202e-05,,,,,,,,,,,6.086486301422119,,98.98709121704101,-12.054645606088101
,,,,,,1796,,,,,,,,,177809,,,,4.317273880587891e-05,,,,,,,,,,,6.041834335327149,,98.9791480255127,-15.161057164528144
,,,,,,1805,,,,,,,,,178700,,,,4.207024019706296e-05,,,,,,,,,,,6.011161060333252,,98.11593482971192,-11.848367931607207
-0.007861593,-0.260315,0.83237714,369,-26.031504,-0.1046147,1814,-0.12071514,-11.388778,-9.439241,-0.09439241,-0.10987374,-12.332169,0.5401328,0.008323788,179591,-0.266979,-0.017062835,378,4.4371504336595536e-05,-0.11388777,-0.12332168,-0.14704414,-14.7044115,-26.031502381092654,-0.14144138,53.020313,0.5302031,-12.332168272965152,-0.009034489,5.9812056970596315,-0.7861593,97.5029428100586,-11.904001560274061
,,,,,,1823,,,,,,,,,180482,,,,3.9728002830088374e-05,,,,,,,,,,,5.992203974723816,,98.14429191589356,-19.188390750127216
,,,,,,1832,,,,,,,,,181373,,,,4.756877051477204e-05,,,,,,,,,,,6.092336230278015,,100.41685668945313,-16.22473464307295
,,,,,,1841,,,,,,,,,182264,,,,6.276671756495489e-05,,,,,,,,,,,6.068521327972412,,99.69207878112793,-15.764171199016143
,,,,,,1850,,,,,,,,,183155,,,,4.61256628659612e-05,,,,,,,,,,,5.9849911880493165,,98.29613243103027,-13.089840517667028
,,,,,,1859,,,,,,,,,184046,,,,4.98335914380732e-05,,,,,,,,,,,6.01766881942749,,98.64212646484376,-10.508251673856627
,,,,,,1868,,,,,,,,,184937,,,,4.622685401045601e-05,,,,,,,,,,,6.023062725067138,,98.03626594543456,-12.791008306490811
,,,,,,1877,,,,,,,,,185828,,,,4.635216560927802e-05,,,,,,,,,,,6.052004132270813,,98.85900787353516,-16.117432456041293
,,,,,,1886,,,,,,,,,186719,,,,5.155423470569076e-05,,,,,,,,,,,6.02633339881897,,100.13240226745606,-11.467281369595867
,,,,,,1895,,,,,,,,,187610,,,,4.501177112615551e-05,,,,,,,,,,,6.0133894920349125,,98.17365447998047,-14.081273140649541
-0.018683547,-0.15339911,41.562252,387,-15.33991,-0.024919337,1904,-0.13687325,-11.006443,-2.4107943,-0.024107942,-0.10814688,-13.248467,0.4785782,0.41562253,188501,-0.14883858,0.43299592,396,3.865168029733468e-05,-0.11006442,-0.13248467,-0.12446957,-12.446957,-15.339909916536918,-0.11893538,49.529648,0.4952965,-13.248467618457086,-0.023938635,6.0010274267196655,-1.8683548,97.76518661499023,-14.603218655215137
,,,,,,1913,,,,,,,,,189392,,,,3.744809433555929e-05,,,,,,,,,,,6.013359260559082,,98.13790588378906,-16.78819744228733
,,,,,,1922,,,,,,,,,190283,,,,4.708226993898279e-05,,,,,,,,,,,6.047008166313171,,99.59473037719727,-16.474776523679722
,,,,,,1931,,,,,,,,,191174,,,,4.368827798316488e-05,,,,,,,,,,,6.081164302825928,,99.29062553405761,-12.67001018968978
,,,,,,1940,,,,,,,,,192065,,,,4.7197333442454694e-05,,,,,,,,,,,6.114918856620789,,99.06976921081542,-28.149687642563844
,,,,,,1949,,,,,,,,,192956,,,,5.7002303183253386e-05,,,,,,,,,,,6.205985083580017,,104.61903228759766,-17.46549598119269
,,,,,,1958,,,,,,,,,193847,,,,6.975508727919078e-05,,,,,,,,,,,6.18479389667511,,103.75763603210449,-15.779851546356266
,,,,,,1967,,,,,,,,,194738,,,,4.8169534929911604e-05,,,,,,,,,,,6.072480535507202,,99.54536605834961,-16.03554027310434
,,,,,,1976,,,,,,,,,195629,,,,5.286181745759677e-05,,,,,,,,,,,6.09694085597992,,100.21689628601074,-17.377399905609217
,,,,,,1985,,,,,,,,,196520,,,,4.66763796248415e-05,,,,,,,,,,,6.116517162322998,,101.31335441589356,-15.828638573549394
-0.06866207,-0.1621682,38.221638,405,-16.21682,-0.04097418,1994,-0.2267335,-12.649379,-3.308458,-0.033084583,-0.11809821,-20.888828,0.13625342,0.3822164,197411,-0.1656852,0.3688183,414,4.4123288680566476e-05,-0.12649378,-0.20888826,-0.12246671,-12.246671,-16.21682063358348,-0.116516195,20.423525,0.20423524,-20.888826383271653,-0.09052941,6.112146978378296,-6.8662076,100.15558227539063,-16.937059440146104
,,,,,,2003,,,,,,,,,198302,,,,5.127919324877439e-05,,,,,,,,,,,6.286901240348816,,106.31452476501465,-12.620072473814135
,,,,,,2012,,,,,,,,,199193,,,,5.382307308536838e-05,,,,,,,,,,,6.045329370498657,,99.98101821899414,-11.652998197459318
,,,,,,2021,,,,,,,,,200084,,,,4.659910438931547e-05,,,,,,,,,,,6.14819947719574,,99.74931465148926,-17.092907768580798
,,,,,,2030,,,,,,,,,200975,,,,4.936643223118153e-05,,,,,,,,,,,6.2481773519515995,,103.10306350708008,-14.056959723975913
,,,,,,2039,,,,,,,,,201866,,,,4.2176416300208076e-05,,,,,,,,,,,6.211529626846313,,101.26355613708496,-16.06765350908433
,,,,,,2048,,,,,,,,,202757,,,,4.390606542074238e-05,,,,,,,,,,,6.232110404968262,,101.15179206848144,-15.95780632377474
,,,,,,2057,,,,,,,,,203648,,,,4.456121218026965e-05,,,,,,,,,,,6.145331773757935,,100.58824394226075,-14.519990028731987
,,,,,,2066,,,,,,,,,204539,,,,4.0562866524851414e-05,,,,,,,,,,,6.230940294265747,,101.05737892150879,-16.23882206093719
,,,,,,2075,,,,,,,,,205430,,,,4.331781179644167e-05,,,,,,,,,,,6.190375928878784,,101.25266395568848,-22.343661433841
-0.07319116,-0.15537125,40.81096,423,-15.537123,-0.033722136,2084,-0.2584664,-16.487274,-2.1808536,-0.021808535,-0.15909164,-25.27021,0.015366203,0.4081096,206321,-0.16374362,0.37621483,432,5.2107436767983015e-05,-0.16487277,-0.25270212,-0.129201,-12.9201,-15.537124315465645,-0.12327705,3.7325304,0.037325297,-25.27021245201204,-0.082812294,6.311566181182862,-7.3191147,103.82403610229493,-15.608314042563032
,,,,,,2093,,,,,,,,,207212,,,,4.731123430246953e-05,,,,,,,,,,,6.288524608612061,,102.45039512634277,-17.471256608134606
,,,,,,2102,,,,,,,,,208103,,,,5.381887627663673e-05,,,,,,,,,,,6.326415019035339,,103.17552200317382,-24.006098418267985
,,,,,,2111,,,,,,,,,208994,,,,5.5134222620836226e-05,,,,,,,,,,,6.30435616016388,,104.74716339111328,-29.11360431199287
,,,,,,2120,,,,,,,,,209885,,,,6.644305038207677e-05,,,,,,,,,,,6.3151540851593015,,105.31381774902344,-35.22254323584859
,,,,,,2129,,,,,,,,,210776,,,,7.726838488451904e-05,,,,,,,,,,,6.480599398612976,,111.57248313903808,-20.534755161759158
,,,,,,2138,,,,,,,,,211667,,,,5.4557391558773814e-05,,,,,,,,,,,6.419703617095947,,107.14578247070312,-16.280379976002596
,,,,,,2147,,,,,,,,,212558,,,,6.66415650084673e-05,,,,,,,,,,,6.383284425735473,,105.49183830261231,-21.737041780390637
,,,,,,2156,,,,,,,,,213449,,,,5.462947481646552e-05,,,,,,,,,,,6.43322720527649,,105.9636686706543,-13.71362030733142
,,,,,,2165,,,,,,,,,214340,,,,5.4930122187215604e-05,,,,,,,,,,,6.444346575737,,106.15686744689941,-18.493792170069682
-0.05927151,-0.17208578,34.44352,441,-17.208578,-0.04127329,2174,-0.21905565,-12.2683525,-3.7144156,-0.037144158,-0.1160359,-19.380934,0.16550234,0.34443521,215231,-0.17153245,0.3465431,450,6.390586200723192e-05,-0.12268353,-0.19380935,-0.12751278,-12.751278,-17.20857652361051,-0.12200451,26.167877,0.26167873,-19.380934342949384,-0.08584979,6.4452215099334715,-5.927151,105.63191070556641,-14.410509899674647
,,,,,,2183,,,,,,,,,216122,,,,6.43605141340231e-05,,,,,,,,,,,6.440649213790894,,106.34232635498047,-22.29983082735504
,,,,,,2192,,,,,,,,,217013,,,,6.423022439776105e-05,,,,,,,,,,,6.455421695709228,,107.27308235168456,-13.705969654052177
,,,,,,2201,,,,,,,,,217904,,,,5.5187419402500385e-05,,,,,,,,,,,6.44335970878601,,106.31728927612305,-12.658194030879079
,,,,,,2210,,,,,,,,,218795,,,,5.1425289711914957e-05,,,,,,,,,,,6.357051234245301,,104.67724502563476,-16.47304070631251
,,,,,,2219,,,,,,,,,219686,,,,4.798708403541241e-05,,,,,,,,,,,6.452772579193115,,104.98805442810058,-19.647407657493144
,,,,,,2228,,,,,,,,,220577,,,,5.575291712375474e-05,,,,,,,,,,,6.452913551330567,,106.67057228088379,-15.971451811502574
,,,,,,2237,,,,,,,,,221468,,,,6.004985725667211e-05,,,,,,,,,,,6.4866991710662845,,106.81863220214844,-16.25851364185582
,,,,,,2246,,,,,,,,,222359,,,,7.494080356991617e-05,,,,,,,,,,,6.481855397224426,,106.4306265258789,-15.36467379059703
,,,,,,2255,,,,,,,,,223250,,,,6.732754962285981e-05,,,,,,,,,,,6.526773128509522,,105.83137176513672,-14.182828650467611
-0.030089587,-0.1732496,34.000164,459,-17.324959,-0.042420216,2264,-0.15460272,-11.742101,-3.7414677,-0.03741468,-0.11154207,-15.352851,0.41103724,0.3400016,224141,-0.17395973,0.33729634,468,5.0409019204380454e-05,-0.11742101,-0.15352851,-0.12835197,-12.835197,-17.324959043853838,-0.12305546,41.512947,0.41512945,-15.35285196550212,-0.035883896,6.485522184371948,-3.0089588,104.81561485290527,-14.118753541598624
,,,,,,2273,,,,,,,,,225032,,,,5.03782484884141e-05,,,,,,,,,,,6.458016328811645,,104.69078338623046,-11.156272170110688
,,,,,,2282,,,,,,,,,225923,,,,5.2469192378339355e-05,,,,,,,,,,,6.589323053359985,,106.51919715881348,-13.416447831531128
,,,,,,2291,,,,,,,,,226814,,,,4.741305701827514e-05,,,,,,,,,,,6.547250685691833,,105.1048469543457,-15.979188528501819
,,,,,,2300,,,,,,,,,227705,,,,5.221775281825103e-05,,,,,,,,,,,6.601055345535278,,105.84234024047852,-15.219120557089711
,,,,,,2309,,,,,,,,,228596,,,,5.381182963901665e-05,,,,,,,,,,,6.559836735725403,,105.65304206848144,-25.574442211377853
,,,,,,2318,,,,,,,,,229487,,,,7.559018407846452e-05,,,,,,,,,,,6.573305597305298,,108.29398895263672,-13.464455005304423
,,,,,,2327,,,,,,,,,230378,,,,5.938767000770895e-05,,,,,,,,,,,6.5563970565795895,,106.39387313842774,-21.908954697238546
,,,,,,2336,,,,,,,,,231269,,,,6.0467940693342824e-05,,,,,,,,,,,6.601640315055847,,107.92793251037598,-21.126239470015733
,,,,,,2345,,,,,,,,,232160,,,,7.099016236679745e-05,,,,,,,,,,,6.640466003417969,,107.87356605529786,-16.341319373018308
-0.01915702,-0.17019941,35.16213,477,-17.019941,-0.047324236,2354,-0.13981144,-12.088225,-2.8026075,-0.028026078,-0.11547951,-14.387068,0.46738502,0.35162136,233051,-0.19396673,0.26107916,486,5.7884875550371364e-05,-0.120882265,-0.14387068,-0.13656811,-13.656812,-17.019941147541044,-0.13717765,45.192123,0.45192125,-14.387068091310697,-0.020276606,6.5879169988632205,-1.915702,107.16766372680664,-15.938880966468986
,,,,,,2363,,,,,,,,,233942,,,,5.70503589551663e-05,,,,,,,,,,,6.564774284362793,,107.0176953125,-17.86362249466611
,,,,,,2372,,,,,,,,,234833,,,,5.715788198358496e-05,,,,,,,,,,,6.623251719474792,,106.70380546569824,-11.660759765985766
,,,,,,2381,,,,,,,,,235724,,,,5.0689248437265635e-05,,,,,,,,,,,6.5645130443573,,105.73380996704101,-14.448668002746736
,,,,,,2390,,,,,,,,,236615,,,,4.8238315994240114e-05,,,,,,,,,,,6.599256238937378,,105.49493431091308,-13.219209402618247
,,,,,,2399,,,,,,,,,237506,,,,5.087094883492682e-05,,,,,,,,,,,6.5525721836090085,,105.02668403625488,-11.889241461730208
,,,,,,2408,,,,,,,,,238397,,,,5.019257316234871e-05,,,,,,,,,,,6.556892127990722,,105.63566139221192,-15.733733478755564
,,,,,,2417,,,,,,,,,239288,,,,5.180220638067112e-05,,,,,,,,,,,6.609704132080078,,105.98926864624023,-16.18212382563567
,,,,,,2426,,,,,,,,,240179,,,,4.983659571735188e-05,,,,,,,,,,,6.615992784500122,,106.39620262145996,-17.610872278358315
,,,,,,2435,,,,,,,,,241070,,,,4.7894791987346255e-05,,,,,,,,,,,6.578685593605042,,105.0427670288086,-13.656594123390581
-0.041232795,-0.16416727,37.460094,495,-16.416727,-0.05859895,2444,-0.20085199,-14.258635,-4.3035746,-0.043035746,-0.14251044,-19.20657,0.23484962,0.37460092,241961,-0.1757071,0.33063963,504,4.826686257729307e-05,-0.14258637,-0.1920657,-0.112524375,-11.252438,-16.4167270665766,-0.10538837,26.832111,0.26832116,-19.206571484841316,-0.04861796,6.5471523666381835,-4.1232796,105.15256385803222,-21.280347708049483
,,,,,,2453,,,,,,,,,242852,,,,5.214323733525816e-05,,,,,,,,,,,6.571374063491821,,104.91252212524414,-15.200829726099682
,,,,,,2462,,,,,,,,,243743,,,,5.138219765285612e-05,,,,,,,,,,,6.621456236839294,,105.38823944091797,-14.462154579575333
,,,,,,2471,,,,,,,,,244634,,,,4.760583105962723e-05,,,,,,,,,,,6.625382804870606,,106.18295211791992,-16.103272686651547
,,,,,,2480,,,,,,,,,245525,,,,7.424437568261055e-05,,,,,,,,,,,6.6607537364959715,,107.05527381896972,-12.451693202669393
,,,,,,2489,,,,,,,,,246416,,,,4.425692563017947e-05,,,,,,,,,,,6.487096672058105,,104.39621376037597,-12.370213398478098
,,,,,,2498,,,,,,,,,247307,,,,4.428537788044196e-05,,,,,,,,,,,6.591412653923035,,104.99517700195312,-14.014789968120871
,,,,,,2507,,,,,,,,,248198,,,,4.3284792136546455e-05,,,,,,,,,,,6.63647433757782,,106.13708892822265,-17.618328639966176
,,,,,,2516,,,,,,,,,249089,,,,4.906637390377e-05,,,,,,,,,,,6.650671157836914,,107.27467788696289,-12.657337934849151
,,,,,,2525,,,,,,,,,249980,,,,4.170556907411083e-05,,,,,,,,,,,6.571284432411193,,105.36493751525879,-14.80749874568238
-0.058929812,-0.102952935,60.77983,513,-10.295293,-0.012814539,2534,-0.24386294,-13.102848,-1.1127849,-0.011127849,-0.13024001,-20.174425,0.07099838,0.6077984,250871,-0.09764112,0.6280339,522,4.793660060386173e-05,-0.13102847,-0.20174424,-0.089599505,-8.959951,-10.295293517799514,-0.08226368,23.145054,0.23145053,-20.174424667701818,-0.09468578,6.5314634418487545,-5.8929806,105.64557563781739,-16.728405735988687
,,,,,,2543,,,,,,,,,251762,,,,4.076988056112896e-05,,,,,,,,,,,6.511053857803344,,104.72875274658203,-15.547829020491914
,,,,,,2552,,,,,,,,,252653,,,,5.975272895739181e-05,,,,,,,,,,,6.560391116142273,,105.28673042297363,-14.773218927367601
,,,,,,2561,,,,,,,,,253544,,,,4.9852531519718467e-05,,,,,,,,,,,6.642329692840576,,105.75288917541504,-15.648554707259121
,,,,,,2570,,,,,,,,,254435,,,,4.95282503652561e-05,,,,,,,,,,,6.6534223556518555,,106.51382827758789,-12.964641018087523
,,,,,,2579,,,,,,,,,255326,,,,4.510997710895026e-05,,,,,,,,,,,6.552583150863647,,105.1555982208252,-13.923316412715575
,,,,,,2588,,,,,,,,,256217,,,,4.4569503952516246e-05,,,,,,,,,,,6.594062485694885,,105.7915966796875,-13.04643119541158
,,,,,,2597,,,,,,,,,257108,,,,3.933042031349032e-05,,,,,,,,,,,6.6903487586975094,,105.89283927917481,-12.851883333268578
,,,,,,2606,,,,,,,,,257999,,,,4.394465968289296e-05,,,,,,,,,,,6.631998629570007,,105.82952514648437,-12.96262811116764
,,,,,,2615,,,,,,,,,258890,,,,4.4428392884583444e-05,,,,,,,,,,,6.67222975730896,,107.76837646484375,-12.44880567993454
-0.020358808,-0.14413086,45.09301,531,-14.413086,-0.022810007,2624,-0.16754955,-14.36372,-1.7768565,-0.017768564,-0.13971806,-16.806776,0.361716,0.45093012,259781,-0.14609295,0.44345546,540,4.186516069239587e-05,-0.14363721,-0.16806777,-0.12280858,-12.280859,-14.413085589956292,-0.11872093,35.97419,0.35974187,-16.80677720337043,-0.023192912,6.754285659790039,-2.0358806,107.47166496276856,-16.296436965523874
,,,,,,2633,,,,,,,,,260672,,,,4.743462070109672e-05,,,,,,,,,,,6.779081621170044,,108.48855712890625,-24.314510961130154
,,,,,,2642,,,,,,,,,261563,,,,6.280163996052579e-05,,,,,,,,,,,6.76020359992981,,109.55988029479981,-15.107551005111272
,,,,,,2651,,,,,,,,,262454,,,,4.965337982866913e-05,,,,,,,,,,,6.686194477081298,,107.66001693725586,-14.353659203467622
,,,,,,2660,,,,,,,,,263345,,,,4.367647919934825e-05,,,,,,,,,,,6.659580583572388,,106.53548530578614,-15.96454856188759
,,,,,,2669,,,,,,,,,264236,,,,4.585089405736653e-05,,,,,,,,,,,6.707860722541809,,106.56658966064452,-11.360376344050158
,,,,,,2678,,,,,,,,,265127,,,,3.9195619956444715e-05,,,,,,,,,,,6.729032559394836,,106.42270233154296,-13.091388133738814
,,,,,,2687,,,,,,,,,266018,,,,4.445900680366321e-05,,,,,,,,,,,6.729435768127441,,106.9910350036621,-19.80542964215904
,,,,,,2696,,,,,,,,,266909,,,,5.8674706906458596e-05,,,,,,,,,,,6.781375613212585,,109.63917221069336,-15.298024045777318
,,,,,,2705,,,,,,,,,267800,,,,4.76453643750574e-05,,,,,,,,,,,6.744928579330445,,107.79965728759765,-13.564405047642705
-0.030330962,-0.118664905,54.794327,549,-11.86649,-0.012760283,2714,-0.1455569,-10.924824,-1.1348796,-0.011348798,-0.10732795,-14.56454,0.4454975,0.54794323,268691,-0.11144352,0.5754533,558,4.609573343259399e-05,-0.10924824,-0.14564541,-0.105046354,-10.504635,-11.866490455881568,-0.096131176,44.51604,0.44516042,-14.564539762632783,-0.03185746,6.809354524612427,-3.033096,108.12146659851074,-16.80328431106665
,,,,,,2723,,,,,,,,,269582,,,,4.523373292613542e-05,,,,,,,,,,,6.9007438278198245,,110.31092712402344,-16.17273267713709
,,,,,,2732,,,,,,,,,270473,,,,4.239461943143397e-05,,,,,,,,,,,6.7564719915390015,,108.84636466979981,-12.28999185026857
,,,,,,2741,,,,,,,,,271364,,,,4.536560119959177e-05,,,,,,,,,,,6.813890256881714,,108.6036491394043,-15.247894454060749
,,,,,,2750,,,,,,,,,272255,,,,4.3559876030485614e-05,,,,,,,,,,,6.8309913969039915,,108.35879417419433,-12.219062640689938
,,,,,,2759,,,,,,,,,273146,,,,3.991513645814848e-05,,,,,,,,,,,6.82396785736084,,108.63141700744629,-11.582741037083505
,,,,,,2768,,,,,,,,,274037,,,,4.0787966099742334e-05,,,,,,,,,,,6.825122303962708,,107.65308464050293,-15.109731524699823
,,,,,,2777,,,,,,,,,274928,,,,4.315180662160856e-05,,,,,,,,,,,6.843040165901184,,108.50641784667968,-13.58623895046905
,,,,,,2786,,,,,,,,,275819,,,,4.1840277590381446e-05,,,,,,,,,,,6.806852264404297,,107.9945443725586,-16.409019716333898
,,,,,,2795,,,,,,,,,276710,,,,4.360506260127295e-05,,,,,,,,,,,6.800551204681397,,107.46142364501954,-16.920932347302507
-0.013143819,-0.17254737,34.267673,567,-17.254738,-0.036817975,2804,-0.13937575,-12.671749,-2.6896563,-0.026896564,-0.12234855,-14.249006,0.4690448,0.34267673,277601,-0.17999686,0.3142977,576,4.232075616528164e-05,-0.1267175,-0.14249006,-0.1402715,-14.027149,-17.254736936068856,-0.13581531,45.718067,0.4571807,-14.249007653436113,-0.014189343,6.768053393363953,-1.3143821,107.50833625793457,-12.982864189145241
,,,,,,2813,,,,,,,,,278492,,,,4.1638843231339703e-05,,,,,,,,,,,6.850941476821899,,108.42072662353516,-18.837375879448697
,,,,,,2822,,,,,,,,,279383,,,,4.7561381652485576e-05,,,,,,,,,,,6.831724524497986,,107.87894287109376,-12.543394049676658
,,,,,,2831,,,,,,,,,280274,,,,4.3777235368906986e-05,,,,,,,,,,,6.874213380813599,,109.20425796508789,-14.019503042246122
,,,,,,2840,,,,,,,,,281165,,,,4.0226234596048016e-05,,,,,,,,,,,6.880097432136536,,108.75751319885254,-16.331485070254548
,,,,,,2849,,,,,,,,,282056,,,,4.01397075256682e-05,,,,,,,,,,,6.837254314422608,,108.14983215332032,-17.09652851596408
,,,,,,2858,,,,,,,,,282947,,,,4.459206271349103e-05,,,,,,,,,,,6.7893992519378665,,108.40200202941895,-11.555533367801713
,,,,,,2867,,,,,,,,,283838,,,,3.8887213104317195e-05,,,,,,,,,,,6.867065815925598,,107.85889625549316,-14.117017002670408
,,,,,,2876,,,,,,,,,284729,,,,4.2044877391163025e-05,,,,,,,,,,,6.850423293113709,,107.9830711364746,-13.932092718568638
,,,,,,2885,,,,,,,,,285620,,,,4.313697148973006e-05,,,,,,,,,,,6.799713521003723,,107.13706169128417,-14.478182001965775
-0.013231553,-0.12315375,53.08429,585,-12.315376,-0.032402974,2894,-0.11651296,-10.467449,-2.0225267,-0.02022527,-0.098641425,-12.055235,0.55614114,0.53084284,286511,-0.1323073,0.49597222,594,4.118123752050451e-05,-0.10467449,-0.12055235,-0.09888343,-9.888343,-12.315375521548297,-0.09342375,54.0753,0.54075295,-12.055235263293213,-0.014892947,6.878545074462891,-1.3231554,107.52784400939942,-13.414246692857947
,,,,,,2903,,,,,,,,,287402,,,,3.6576608490577204e-05,,,,,,,,,,,6.87419059753418,,107.65192886352538,-16.393195227781646
,,,,,,2912,,,,,,,,,288293,,,,3.9726464801788094e-05,,,,,,,,,,,6.865345897674561,,106.73935752868653,-13.50350233533469
,,,,,,2921,,,,,,,,,289184,,,,4.071641975315288e-05,,,,,,,,,,,6.818265910148621,,106.61442283630372,-16.15561403161975
,,,,,,2930,,,,,,,,,290075,,,,3.761231902899453e-05,,,,,,,,,,,6.789854679107666,,105.93260551452637,-16.673473463325763
,,,,,,2939,,,,,,,,,290966,,,,3.3715933059283996e-05,,,,,,,,,,,6.73866081237793,,105.96394645690918,-12.997855152933788
,,,,,,2948,,,,,,,,,291857,,,,4.297400448194821e-05,,,,,,,,,,,6.738244380950928,,106.13217086791992,-15.038354525749709
,,,,,,2957,,,,,,,,,292748,,,,3.60835842184315e-05,,,,,,,,,,,6.74525020122528,,105.94454025268554,-13.284648486931433
,,,,,,2966,,,,,,,,,293639,,,,3.6580365649570015e-05,,,,,,,,,,,6.798096537590027,,106.56025428771973,-17.32282792458942
,,,,,,2975,,,,,,,,,294530,,,,3.9384693936881374e-05,,,,,,,,,,,6.7835968446731565,,106.23091499328613,-15.581807281794362
-0.023372887,-0.17543165,33.1689,603,-17.543165,-0.058275573,2984,-0.13358329,-10.306102,-4.8262353,-0.048262354,-0.09847281,-13.110848,0.49111128,0.33168897,295421,-0.18219149,0.30593723,612,4.270995108527132e-05,-0.10306101,-0.13110848,-0.11751683,-11.751682,-17.543165375752004,-0.1122608,50.05391,0.5005391,-13.110848406429167,-0.029258741,6.775255851745605,-2.3372889,106.25111953735352,-12.475882820440297
,,,,,,2993,,,,,,,,,296312,,,,3.3309987102256856e-05,,,,,,,,,,,6.731059594154358,,105.54097450256347,-13.989318046914157
,,,,,,3002,,,,,,,,,297203,,,,3.5893008298444326e-05,,,,,,,,,,,6.793772249221802,,105.88807441711425,-21.06286747265858
,,,,,,3011,,,,,,,,,298094,,,,4.550729592665448e-05,,,,,,,,,,,6.8429567337036135,,106.65305046081544,-15.278043708116286
,,,,,,3020,,,,,,,,,298985,,,,4.052148286064039e-05,,,,,,,,,,,6.8267118978500365,,105.73914665222168,-17.184158820491373
,,,,,,3029,,,,,,,,,299876,,,,4.5223622346384216e-05,,,,,,,,,,,6.783734560012817,,105.95797538757324,-16.245083375300215
,,,,,,3038,,,,,,,,,300767,,,,3.661451020889217e-05,,,,,,,,,,,6.786465706825257,,106.41033027648926,-14.70776838525798
,,,,,,3047,,,,,,,,,301658,,,,3.5498383058438774e-05,,,,,,,,,,,6.765729713439941,,106.08674476623536,-13.663931765277049
,,,,,,3056,,,,,,,,,302549,,,,3.876557431794936e-05,,,,,,,,,,,6.809541969299317,,106.68003517150879,-15.944991508851084
,,,,,,3065,,,,,,,,,303440,,,,4.046879643283319e-05,,,,,,,,,,,6.816593708992005,,106.1818344116211,-14.638356037618077
-0.010653727,-0.13332741,49.208607,621,-13.332742,-0.020999633,3074,-0.10878602,-9.881983,-1.7747599,-0.0177476,-0.092207305,-11.16043,0.58557713,0.49208608,304331,-0.12997682,0.5048502,630,3.567697371181566e-05,-0.098819815,-0.111604296,-0.1120303,-11.203029,-13.33274159899687,-0.10477726,57.484077,0.57484084,-11.16042941815715,-0.013815588,6.819845228195191,-1.065373,106.07955749511719,-13.512182481467082
,,,,,,3083,,,,,,,,,305222,,,,3.896412292306195e-05,,,,,,,,,,,6.819284114837647,,106.56421394348145,-15.212286638188058
,,,,,,3092,,,,,,,,,306113,,,,3.5203270072088345e-05,,,,,,,,,,,6.748397374153138,,106.40648078918457,-13.156814213888316
,,,,,,3101,,,,,,,,,307004,,,,3.91760716047429e-05,,,,,,,,,,,6.777483439445495,,107.66697731018067,-13.4997877604721
,,,,,,3110,,,,,,,,,307895,,,,3.4526602194091536e-05,,,,,,,,,,,6.804547791481018,,107.2812604522705,-14.615572277979815
,,,,,,3119,,,,,,,,,308786,,,,3.205900788088911e-05,,,,,,,,,,,6.7538086652755736,,106.09084548950196,-14.17211333965602
,,,,,,3128,,,,,,,,,309677,,,,3.233941686630715e-05,,,,,,,,,,,6.784727926254273,,106.24351554870606,-11.917976344802868
,,,,,,3137,,,,,,,,,310568,,,,3.0356424977071582e-05,,,,,,,,,,,6.82692967414856,,106.26397186279297,-11.393041790671548
,,,,,,3146,,,,,,,,,311459,,,,3.067927404117654e-05,,,,,,,,,,,6.763708529472351,,105.12347129821778,-15.601660948136745
,,,,,,3155,,,,,,,,,312350,,,,3.061823652387829e-05,,,,,,,,,,,6.715067286491394,,104.91051094055176,-13.489810695788952
-0.028578449,-0.15027449,42.75258,639,-15.027449,-0.04986206,3164,-0.1390267,-10.599483,-3.7106454,-0.037106458,-0.09813125,-14.028896,0.47037446,0.42752582,313241,-0.16031095,0.38929164,648,2.825161620421568e-05,-0.10599482,-0.14028896,-0.105746746,-10.574675,-15.027449256284548,-0.10047647,46.55659,0.4655659,-14.028895757331338,-0.034079555,6.72111798286438,-2.857845,104.890669631958,-17.308450325032595
,,,,,,3173,,,,,,,,,314132,,,,2.9547626991188735e-05,,,,,,,,,,,6.80163302898407,,105.61370681762695,-20.147242184786545
,,,,,,3182,,,,,,,,,315023,,,,3.5459426435409113e-05,,,,,,,,,,,6.827320003509522,,107.32099639892579,-13.611358712079566
,,,,,,3191,,,,,,,,,315914,,,,3.5563592882681404e-05,,,,,,,,,,,6.764667496681214,,106.4010619354248,-12.041247399325625
,,,,,,3200,,,,,,,,,316805,,,,3.319532885143417e-05,,,,,,,,,,,6.769329671859741,,106.31848190307618,-14.512971018067548
,,,,,,3209,,,,,,,,,317696,,,,3.545427865901729e-05,,,,,,,,,,,6.76602876663208,,105.99083709716797,-14.71628617693681
