train_rewards,eval_test_episodes,num_steps,train_info_final_performance,train_info_sum_performance,train_test_episodes,eval_info_final_performance,kl_loss,train_info_final_normalized_performance,train_info_avarage_performance,train_test_rewards,train_info_sum_normalized_performance,eval_info_avarage_performance,reward_loss,train_info_avarage_normalized_performance,eval_info_final_normalized_performance,num_episodes,eval_info_sum_normalized_performance,eval_info_sum_performance,eval_info_avarage_normalized_performance,eval_test_rewards,observation_loss
8.116403097251148,18,1391,0.07876322,7.824914,9,0.08149985,3.0,0.016445795,0.07824914,7.8249138316647056,1.3686811,0.080680795,0.0003925148741109297,0.01368681,0.031132618,14,2.673688,8.06808,0.02673688,8.06807894222146,1219.584949951172
8.47046481190099,,2282,,,,,3.235198585987091,,,,,,5.024485028116032e-05,,,23,,,,,252.2842463684082
9.87486089039617,,3173,,,,,4.291294274330139,,,,,,2.1767227681266378e-05,,,32,,,,,162.17512985229493
9.939374029638094,,4064,,,,,4.8138536357879635,,,,,,3.341571889905026e-05,,,41,,,,,151.11331657409667
9.297955872328556,,4955,,,,,4.690461940765381,,,,,,3.322370662317553e-05,,,50,,,,,115.67976951599121
7.789762251452247,,5846,,,,,4.724948797225952,,,,,,2.3185890713648406e-05,,,59,,,,,105.89692855834961
10.253451116090133,,6737,,,,,4.365442600250244,,,,,,1.3960574979137163e-05,,,68,,,,,81.935824508667
9.986184132840073,,7628,,,,,4.312273035049438,,,,,,1.609201763130841e-05,,,77,,,,,81.86009895324707
9.582062480461513,,8519,,,,,4.360759057998657,,,,,,2.9297526361915514e-05,,,86,,,,,86.09815567016602
8.395113953573953,,9410,,,,,4.336628069877625,,,,,,2.7245380751992344e-05,,,95,,,,,83.18221298217773
10.268672644849076,36,10301,0.10360542,9.994591,27,0.09925717,4.2352318716049195,0.1497677,0.0999459,9.994590154642168,13.012798,0.09932516,2.171890871068172e-05,0.13012797,0.12643172,104,12.679657,9.932516,0.12679657,9.93251542299677,74.43059669494629
9.979039774258805,,11192,,,,,4.401948893070221,,,,,,4.76026125579665e-05,,,113,,,,,80.87482170104981
10.050738567780515,,12083,,,,,4.3285026407241824,,,,,,5.063057653387659e-05,,,122,,,,,78.21263008117675
9.685923015720974,,12974,,,,,4.382609238624573,,,,,,5.280017865516129e-05,,,131,,,,,85.83097900390625
9.727154334154338,,13865,,,,,4.350592203140259,,,,,,5.373539934225846e-05,,,140,,,,,81.89771896362305
10.507805172339399,,14756,,,,,4.438652544021607,,,,,,4.6972685977380026e-05,,,149,,,,,84.40298873901367
9.91142140520703,,15647,,,,,4.4810612010955815,,,,,,5.032461638620589e-05,,,158,,,,,87.10298675537109
9.769387269219528,,16538,,,,,4.476780519485474,,,,,,4.648167192499386e-05,,,167,,,,,81.80571769714355
10.194328119451066,,17429,,,,,4.4507899713516235,,,,,,5.3698877800343325e-05,,,176,,,,,82.09729629516602
9.277603776786956,,18320,,,,,4.425844359397888,,,,,,5.043676281275111e-05,,,185,,,,,81.07565017700195
9.681519439068847,54,19211,0.10162291,9.902844,45,0.09776342,4.502475070953369,0.13912803,0.09902845,9.902844522964479,12.520421,0.093587615,6.139360870292876e-05,0.12520422,0.11841513,194,9.600459,9.358761,0.09600459,9.358760688989086,80.72332649230957
9.443083475975412,,20102,,,,,4.474879426956177,,,,,,5.828706751344725e-05,,,203,,,,,79.18715377807617
10.3262435589951,,20993,,,,,4.478048191070557,,,,,,5.1603752326627727e-05,,,212,,,,,77.90025413513183
10.370908243006738,,21884,,,,,4.756956353187561,,,,,,6.551679256517672e-05,,,221,,,,,98.60025779724121
9.936401291227023,,22775,,,,,4.5251487398147585,,,,,,5.462999133669655e-05,,,230,,,,,85.32661308288574
10.170423183945426,,23666,,,,,4.523977990150452,,,,,,5.314530586474575e-05,,,239,,,,,78.63337852478027
9.61900635673834,,24557,,,,,4.5737093687057495,,,,,,5.290190418236307e-05,,,248,,,,,81.33699447631835
10.622130928328334,,25448,,,,,4.6330590915679934,,,,,,5.75198553269729e-05,,,257,,,,,84.05566459655762
9.324232370037496,,26339,,,,,4.661470470428466,,,,,,5.105388372612651e-05,,,266,,,,,83.76882423400879
9.453313443245698,,27230,,,,,4.680592894554138,,,,,,5.3391026303870605e-05,,,275,,,,,82.73554428100586
8.985679905360731,72,28121,0.09820644,9.699725,63,0.10633329,4.698662600517273,0.12079271,0.096997246,9.699725163019492,11.430329,0.10183228,5.6389223027508704e-05,0.11430329,0.16440754,284,14.02517,10.1832285,0.1402517,10.183227831338662,82.2537752532959
10.144996217725925,,29012,,,,,4.763141384124756,,,,,,5.627327616821276e-05,,,293,,,,,85.77878303527832
10.225164999502967,,29903,,,,,4.677586588859558,,,,,,6.15894285874674e-05,,,302,,,,,80.7356241607666
9.856222709194803,,30794,,,,,4.833996248245239,,,,,,6.17934565525502e-05,,,311,,,,,87.04276908874512
9.870462606417068,,31685,,,,,4.819771084785462,,,,,,5.811168543004897e-05,,,320,,,,,85.50458442687989
10.69502029143995,,32576,,,,,4.833182187080383,,,,,,6.13467381663213e-05,,,329,,,,,83.76231956481934
10.92818676768559,,33467,,,,,4.869504761695862,,,,,,5.7895811878552194e-05,,,338,,,,,87.31117637634277
10.20656532787331,,34358,,,,,4.8471440410614015,,,,,,6.0171508230268956e-05,,,347,,,,,84.92670822143555
10.50315635168642,,35249,,,,,4.8914591455459595,,,,,,5.953711977781495e-05,,,356,,,,,85.65935836791992
10.063260460951678,,36140,,,,,4.919839091300965,,,,,,6.403866162145277e-05,,,365,,,,,87.04252075195312
10.314442419461635,90,37031,0.11113414,10.801096,81,0.10349849,4.921140260696411,0.19017254,0.108010955,10.801095806982891,17.341114,0.102246106,5.9502154945221266e-05,0.17341113,0.1491938,374,14.247257,10.22461,0.14247257,10.224610049188684,85.48930770874023
11.710271730548763,,37922,,,,,4.996168432235717,,,,,,5.950855767878238e-05,,,383,,,,,87.51640014648437
10.744259568431152,,38813,,,,,4.991238088607788,,,,,,5.9609067684505134e-05,,,392,,,,,88.76848510742188
10.514288494530488,,39704,,,,,5.039435143470764,,,,,,5.380423870519735e-05,,,401,,,,,86.42175300598144
10.36744931395419,,40595,,,,,4.983400287628174,,,,,,5.3317791971494446e-05,,,410,,,,,85.20302368164063
11.195916349341111,,41486,,,,,5.09425621509552,,,,,,5.474570963997394e-05,,,419,,,,,87.17394477844238
11.079141809048627,,42377,,,,,5.129813523292541,,,,,,5.61612295859959e-05,,,428,,,,,87.42893135070801
11.334802618628636,,43268,,,,,5.158676338195801,,,,,,5.370537694034283e-05,,,437,,,,,87.45035858154297
10.06930458415275,,44159,,,,,5.146203193664551,,,,,,5.2973684105381836e-05,,,446,,,,,87.90351211547852
11.103751611226771,,45050,,,,,5.239961066246033,,,,,,5.8762317457876634e-05,,,455,,,,,89.75240600585937
10.245389591581413,108,45941,0.10514763,10.883498,99,0.11354467,5.2041258001327515,0.15804435,0.108834974,10.88349793817987,17.783348,0.111463,5.5135018774308266e-05,0.17783345,0.2031092,464,19.19374,11.1463,0.19193743,11.146300389349513,88.63832252502442
9.627313561268833,,46832,,,,,5.25654896736145,,,,,,5.2436187270359367e-05,,,473,,,,,89.35736518859864
9.943630621602694,,47723,,,,,5.287255463600158,,,,,,5.7604230169090445e-05,,,482,,,,,88.8335245513916
11.80978044715877,,48614,,,,,5.299253664016724,,,,,,5.743795878515812e-05,,,491,,,,,90.18660255432128
10.438830826598508,,49505,,,,,5.3428271484375,,,,,,6.248145586141617e-05,,,500,,,,,89.97450157165527
10.145582747128797,,50396,,,,,5.369822087287903,,,,,,6.23311569870566e-05,,,509,,,,,91.25500442504882
10.984094168759315,,51287,,,,,5.372907943725586,,,,,,5.932683361606905e-05,,,518,,,,,90.11354560852051
9.907432478538189,,52178,,,,,5.381198101043701,,,,,,5.70929607420112e-05,,,527,,,,,90.6385284423828
9.709958636567103,,53069,,,,,5.458785648345947,,,,,,6.020824785082368e-05,,,536,,,,,92.58668731689453
10.8616025439742,,53960,,,,,5.414264898300171,,,,,,6.005126007949002e-05,,,545,,,,,90.2399494934082
10.426583939357846,126,54851,0.12597483,12.086676,117,0.12685922,5.4891512489318846,0.2698188,0.12086675,12.086675106633862,24.240501,0.12019799,5.609327559795929e-05,0.24240503,0.27456504,554,23.881594,12.0198,0.23881595,12.019799293460508,91.73135910034179
11.398072027852647,,55742,,,,,5.555031399726868,,,,,,6.293745253060478e-05,,,563,,,,,95.2557007598877
11.778014119819465,,56633,,,,,5.45941385269165,,,,,,6.259607547690394e-05,,,572,,,,,91.0996549987793
12.323676629419285,,57524,,,,,5.553263735771179,,,,,,6.337511167657795e-05,,,581,,,,,90.50946197509765
10.932557419341638,,58415,,,,,5.550612955093384,,,,,,6.0498289749375544e-05,,,590,,,,,91.16086700439453
9.945902374164657,,59306,,,,,5.5854828691482545,,,,,,6.094657441281015e-05,,,599,,,,,91.05562782287598
9.680724291973632,,60197,,,,,5.49332633972168,,,,,,5.9279606211930514e-05,,,608,,,,,90.24277626037598
10.587152773853425,,61088,,,,,5.5443969202041625,,,,,,5.9350400988478214e-05,,,617,,,,,91.1346738433838
10.476381033067,,61979,,,,,5.629544911384582,,,,,,6.253889307117789e-05,,,626,,,,,94.35109954833985
11.356406926349758,,62870,,,,,5.6054829978942875,,,,,,6.152743564598495e-05,,,635,,,,,91.90078567504882
10.436466725900504,144,63761,0.11233417,10.870178,135,0.10774222,5.614772763252258,0.19661278,0.10870178,10.870178476912631,17.711863,0.108455315,6.0107729186711364e-05,0.17711863,0.17196894,644,17.579592,10.845531,0.17579593,10.84553175996386,90.65144485473633
10.459430219485835,,64652,,,,,5.615300230979919,,,,,,6.536067317938432e-05,,,653,,,,,91.3642568206787
12.35168269399319,,65543,,,,,5.6630944156646725,,,,,,6.041878325049765e-05,,,662,,,,,90.97597183227539
10.950651802001639,,66434,,,,,5.658372492790222,,,,,,6.608741296076914e-05,,,671,,,,,92.4960205078125
11.221976410299131,,67325,,,,,5.6309802436828615,,,,,,6.126306885562372e-05,,,680,,,,,90.96167907714843
11.544007478785508,,68216,,,,,5.714205479621887,,,,,,6.22007700803806e-05,,,689,,,,,92.86526161193848
11.90869103374834,,69107,,,,,5.616620321273803,,,,,,5.788603088149102e-05,,,698,,,,,88.9822624206543
11.331019928647239,,69998,,,,,5.657142295837402,,,,,,5.73437858838588e-05,,,707,,,,,90.0604002380371
10.38664467900221,,70889,,,,,5.702253427505493,,,,,,5.826823969982797e-05,,,716,,,,,90.18933876037597
11.40169773323071,,71780,,,,,5.733539900779724,,,,,,6.0561338323168456e-05,,,725,,,,,90.57961563110352
11.043389846115858,162,72671,0.108604245,10.983875,153,0.11976404,5.676579484939575,0.17659517,0.10983875,10.983875435077998,18.322046,0.110764466,5.9871584999200425e-05,0.18322048,0.23648699,734,18.818855,11.076448,0.18818858,11.076447059521744,90.27612739562989
11.111243868268799,,73562,,,,,5.710288987159729,,,,,,5.906737791519845e-05,,,743,,,,,92.01870986938476
10.339285295933372,,74453,,,,,5.6540975522995,,,,,,5.864605071110418e-05,,,752,,,,,90.27511177062988
10.670359444037931,,75344,,,,,5.709635348320007,,,,,,6.22455810662359e-05,,,761,,,,,90.72620819091797
10.930877302025168,,76235,,,,,5.778237962722779,,,,,,6.272546848776983e-05,,,770,,,,,91.39310905456543
11.43731012248358,,77126,,,,,5.765848417282104,,,,,,6.316942388366442e-05,,,779,,,,,90.40990921020507
11.04330533224633,,78017,,,,,5.736677646636963,,,,,,5.9879164582525845e-05,,,788,,,,,90.4511205291748
10.464150823866662,,78908,,,,,5.752177014350891,,,,,,5.656470315443585e-05,,,797,,,,,89.90523162841797
11.474460230241018,,79799,,,,,5.757850036621094,,,,,,5.8407528085808736e-05,,,806,,,,,89.43655860900878
11.713638003332502,,80690,,,,,5.838615412712097,,,,,,6.0801702857133933e-05,,,815,,,,,92.07705406188965
11.904665966952578,180,81581,0.117117085,11.226261,171,0.10709166,5.879986543655395,0.22228149,0.11226261,11.226261138510113,19.622871,0.10557495,6.234361986571457e-05,0.19622873,0.1684775,824,16.033768,10.557495,0.16033766,10.557494514299082,92.9972078704834
10.696390259109807,,82472,,,,,5.9524338960647585,,,,,,6.54290301099536e-05,,,833,,,,,94.97005981445312
10.245441612025292,,83363,,,,,5.891886138916016,,,,,,6.24249389875331e-05,,,842,,,,,93.04266670227051
11.739578697063147,,84254,,,,,5.951451501846313,,,,,,6.414646373741562e-05,,,851,,,,,92.7411660003662
12.030656611181534,,85145,,,,,5.964699726104737,,,,,,6.431882393371779e-05,,,860,,,,,93.68636505126953
10.735147799861618,,86036,,,,,5.986201868057251,,,,,,6.427806420106208e-05,,,869,,,,,93.89382713317872
10.873766509960642,,86927,,,,,6.041466627120972,,,,,,6.453443889768095e-05,,,878,,,,,94.24468673706055
10.393171053724233,,87818,,,,,6.030238523483276,,,,,,6.10743768629618e-05,,,887,,,,,94.56174583435059
10.644292456484463,,88709,,,,,6.081190981864929,,,,,,6.660906208708184e-05,,,896,,,,,96.0020337677002
10.363644962970287,,89600,,,,,6.078015203475952,,,,,,6.392715829861117e-05,,,905,,,,,94.84195259094238
11.163928605207268,198,90491,0.12119859,12.072364,189,0.12030705,6.101183986663818,0.24418586,0.12072364,12.07236396455018,24.163696,0.11824263,6.362642474414315e-05,0.24163696,0.2394012,914,22.832197,11.824263,0.22832197,11.824262698054689,95.21240219116211
10.581601527730783,,91382,,,,,6.094507246017456,,,,,,6.655654018686619e-05,,,923,,,,,95.34587760925292
11.064976395573614,,92273,,,,,6.120865707397461,,,,,,6.110300855652895e-05,,,932,,,,,94.87516357421875
12.32118885390596,,93164,,,,,6.186664576530457,,,,,,6.02528074523434e-05,,,941,,,,,94.61377044677734
12.147537052798654,,94055,,,,,6.205059204101563,,,,,,6.278661185206147e-05,,,950,,,,,95.01240142822266
11.296962427898956,,94946,,,,,6.138809275627136,,,,,,5.9875000952160915e-05,,,959,,,,,95.36925231933594
10.981205904052317,,95837,,,,,6.1352823448181155,,,,,,5.9578317159321156e-05,,,968,,,,,94.11519027709961
11.337209292378757,,96728,,,,,6.197058820724488,,,,,,6.02743777926662e-05,,,977,,,,,94.3884716796875
11.391042736102357,,97619,,,,,6.220520749092102,,,,,,6.071179421269335e-05,,,986,,,,,95.26976066589356
11.543811444593427,,98510,,,,,6.210595121383667,,,,,,6.061546373530291e-05,,,995,,,,,95.46169006347657
11.46528516517953,216,99401,0.11384061,11.0420265,207,0.12290409,6.216293611526489,0.20469746,0.110420264,11.04202579487931,18.634125,0.11880071,5.801435680041323e-05,0.18634124,0.25333893,1004,23.131704,11.880071,0.23131704,11.880070322191266,95.49470512390137
11.547869564170542,,100292,,,,,6.318358263969421,,,,,,5.693668415915454e-05,,,1013,,,,,96.78999099731445
10.416095575729555,,101183,,,,,6.230506501197815,,,,,,5.788489852420753e-05,,,1022,,,,,94.31138893127441
11.806255365841475,,102074,,,,,6.2556514120101925,,,,,,5.707749445718946e-05,,,1031,,,,,95.21096374511718
11.962811529789452,,102965,,,,,6.220883421897888,,,,,,5.9228689460724125e-05,,,1040,,,,,94.44669860839844
11.487528214929833,,103856,,,,,6.315783386230469,,,,,,5.943717795162229e-05,,,1049,,,,,95.46834663391114
11.967067756755668,,104747,,,,,6.2490548992156985,,,,,,5.786983881989727e-05,,,1058,,,,,94.29664840698243
11.714490687947135,,105638,,,,,6.233405041694641,,,,,,5.46883670904208e-05,,,1067,,,,,94.22588104248047
11.570515312100886,,106529,,,,,6.229353356361389,,,,,,5.570868452196009e-05,,,1076,,,,,93.36443817138672
10.825824069477363,,107420,,,,,6.324050059318543,,,,,,5.6000158401730005e-05,,,1085,,,,,93.74209693908692
12.10957997167952,234,108311,0.120546155,11.699988,225,0.11733374,6.316687545776367,0.24068445,0.11699989,11.699988490146616,22.16525,0.11420354,5.481436543050222e-05,0.2216525,0.22344422,1094,20.664522,11.420354,0.2066452,11.42035429303852,94.23782508850098
12.5455075137609,,109202,,,,,6.304291615486145,,,,,,5.346530873794109e-05,,,1103,,,,,93.40277053833007
10.351840188068273,,110093,,,,,6.2502468299865725,,,,,,5.1837973041983785e-05,,,1112,,,,,92.9918748474121
11.489769463395238,,110984,,,,,6.233705444335937,,,,,,5.5296198988799004e-05,,,1121,,,,,93.99872276306152
11.574354448805497,,111875,,,,,6.253698935508728,,,,,,5.464104011480231e-05,,,1130,,,,,93.89001838684082
11.588002907284087,,112766,,,,,6.254166440963745,,,,,,5.241335049504414e-05,,,1139,,,,,93.12607864379883
10.54385252795221,,113657,,,,,6.273012709617615,,,,,,5.257791293843184e-05,,,1148,,,,,93.298217086792
11.682239564463314,,114548,,,,,6.326734480857849,,,,,,5.372529089072486e-05,,,1157,,,,,94.44011268615722
12.220667292121012,,115439,,,,,6.224128751754761,,,,,,5.628550276014721e-05,,,1166,,,,,92.03646469116211
11.809885466757622,,116330,,,,,6.2787315559387205,,,,,,5.142366673680954e-05,,,1175,,,,,92.90642578125
11.795588909695036,252,117221,0.11511813,11.244212,243,0.10872988,6.243652105331421,0.21155357,0.11244212,11.244211670035376,19.719208,0.10618103,4.975348969310289e-05,0.19719207,0.17726941,1184,16.359037,10.618102,0.16359036,10.61810286399207,91.15884704589844
11.428282091093998,,118112,,,,,6.249010200500488,,,,,,5.005078925023554e-05,,,1193,,,,,91.70021041870118
10.376362787987361,,119003,,,,,6.217581295967102,,,,,,5.2870156505377966e-05,,,1202,,,,,91.29527717590332
10.548330987450193,,119894,,,,,6.220091481208801,,,,,,5.0082409634342186e-05,,,1211,,,,,90.02572929382325
12.065546846665287,,120785,,,,,6.198288068771363,,,,,,5.000441324227722e-05,,,1220,,,,,90.76946907043457
11.904881498899194,,121676,,,,,6.212685561180114,,,,,,5.016952301957645e-05,,,1229,,,,,90.17457786560058
11.44336119967954,,122567,,,,,6.156815533638,,,,,,4.852156514971284e-05,,,1238,,,,,90.00452407836914
10.977456882053648,,123458,,,,,6.1171300506591795,,,,,,4.846254225412849e-05,,,1247,,,,,87.92078826904297
12.236583456943627,,124349,,,,,6.140383925437927,,,,,,4.796460514626233e-05,,,1256,,,,,89.35570732116699
11.133961908743451,,125240,,,,,6.105528287887573,,,,,,4.7933002570061944e-05,,,1265,,,,,87.69816520690918
11.704443951843912,270,126131,0.11442855,11.191678,261,0.11863133,6.121471199989319,0.20785278,0.11191677,11.191678018191444,19.437271,0.115932666,5.182762841286603e-05,0.19437273,0.23040812,1274,21.5925,11.593266,0.215925,11.593266683101735,87.71180305480956
11.693947550762324,,127022,,,,,6.1223153448104854,,,,,,4.933482079650275e-05,,,1283,,,,,87.16281280517578
11.719048026012194,,127913,,,,,6.040592517852783,,,,,,4.8268227892549476e-05,,,1292,,,,,85.82933502197265
11.255838690250567,,128804,,,,,6.088119039535522,,,,,,5.084032633021707e-05,,,1301,,,,,87.56834648132325
12.276885708216305,,129695,,,,,6.073631300926208,,,,,,4.858677686570445e-05,,,1310,,,,,86.23923126220703
11.231549867295014,,130586,,,,,6.0214458847045895,,,,,,4.671948898248957e-05,,,1319,,,,,85.926782913208
11.762255277913244,,131477,,,,,6.023502650260926,,,,,,4.714886523288442e-05,,,1328,,,,,84.47677505493164
11.969547882473336,,132368,,,,,6.031999778747559,,,,,,4.465725201953319e-05,,,1337,,,,,85.37070747375488
12.574538363253843,,133259,,,,,5.964287424087525,,,,,,4.104974583242438e-05,,,1346,,,,,83.94048919677735
12.891401818762864,,134150,,,,,5.988629398345947,,,,,,4.631934558346984e-05,,,1355,,,,,85.26092842102051
12.220553852945102,288,135041,0.12806283,12.44088,279,0.12210385,5.957149910926819,0.28102458,0.124408804,12.440879504863835,26.141426,0.12062995,4.5412395757011836e-05,0.2614143,0.24904424,1364,24.113419,12.062996,0.24113418,12.062995418750521,84.2780980682373
13.003576909516227,,135932,,,,,5.983271217346191,,,,,,4.47140234609833e-05,,,1373,,,,,84.0231379699707
12.958711056109394,,136823,,,,,5.963660125732422,,,,,,4.429261882251012e-05,,,1382,,,,,83.1440990447998
11.488588540173566,,137714,,,,,5.947100143432618,,,,,,4.611797863617539e-05,,,1391,,,,,83.12912208557128
11.982165835665226,,138605,,,,,5.909808921813965,,,,,,4.72608306336042e-05,,,1400,,,,,82.49336067199707
12.10722709491284,,139496,,,,,5.891125502586365,,,,,,4.627833022823325e-05,,,1409,,,,,83.85242736816406
12.413553673402449,,140387,,,,,5.881017627716065,,,,,,4.64794510298816e-05,,,1418,,,,,83.45808776855469
11.419568266178139,,141278,,,,,5.9134095191955565,,,,,,4.5590854206238874e-05,,,1427,,,,,83.1810767364502
11.77279743518744,,142169,,,,,5.8985260343551635,,,,,,4.251711889082799e-05,,,1436,,,,,82.18529975891113
11.656704823433847,,143060,,,,,5.949838628768921,,,,,,4.318460525610135e-05,,,1445,,,,,83.16863235473633
12.713124909093079,306,143951,0.12632968,12.334047,297,0.12828,5.926032094955445,0.27172318,0.12334047,12.33404685990118,25.568083,0.12530631,4.362851170299109e-05,0.25568086,0.28219005,1454,26.6231,12.530631,0.266231,12.53063089862962,82.32184303283691
12.432644902774424,,144842,,,,,5.866424612998962,,,,,,4.1779467901505994e-05,,,1463,,,,,82.2169441986084
11.75228379822335,,145733,,,,,5.876351537704468,,,,,,4.0772776264930145e-05,,,1472,,,,,80.88275123596192
11.46584423031529,,146624,,,,,5.86798828125,,,,,,4.095823633178952e-05,,,1481,,,,,82.27384819030762
12.844960476440662,,147515,,,,,5.870396280288697,,,,,,4.165924980043201e-05,,,1490,,,,,81.75436859130859
12.599479231880876,,148406,,,,,5.842146520614624,,,,,,3.9260567955352596e-05,,,1499,,,,,81.16548721313477
11.485132195335785,,149297,,,,,5.780918364524841,,,,,,4.0508519869035806e-05,,,1508,,,,,80.56098854064942
11.889105685622114,,150188,,,,,5.80805018901825,,,,,,4.0540833415434465e-05,,,1517,,,,,80.37189338684082
11.937059617753292,,151079,,,,,5.817370510101318,,,,,,3.876678933011135e-05,,,1526,,,,,80.62105644226074
11.375333635948621,,151970,,,,,5.78709397315979,,,,,,4.010434904557769e-05,,,1535,,,,,80.59567840576172
11.844850300495429,324,152861,0.11840391,11.688113,315,0.12356695,5.78655867099762,0.22918756,0.11688114,11.688113671814332,22.10152,0.11805054,3.904947481714771e-05,0.2210152,0.25689632,1544,22.729109,11.805054,0.22729109,11.805053950223044,80.78463981628418
12.228253740429366,,153752,,,,,5.773158197402954,,,,,,4.0078391357383225e-05,,,1553,,,,,80.0549641418457
11.989335726715744,,154643,,,,,5.764640388488769,,,,,,4.0153724239644364e-05,,,1562,,,,,80.46874153137207
12.271497148812138,,155534,,,,,5.804907631874085,,,,,,4.050076338899089e-05,,,1571,,,,,80.71900695800781
11.637015181279976,,156425,,,,,5.773042345046997,,,,,,3.7804377207066864e-05,,,1580,,,,,79.74403938293457
12.334603344104899,,157316,,,,,5.762718901634217,,,,,,3.991559831774793e-05,,,1589,,,,,80.00574974060059
12.245507337782792,,158207,,,,,5.743373055458068,,,,,,4.070169346960029e-05,,,1598,,,,,80.44317939758301
11.571984143593925,,159098,,,,,5.6633349752426145,,,,,,3.9285838156501995e-05,,,1607,,,,,78.20164421081543
11.595623574724382,,159989,,,,,5.6642034196853634,,,,,,4.158105768510723e-05,,,1616,,,,,79.17218330383301
12.04675190614316,,160880,,,,,5.635739140510559,,,,,,3.961938713473501e-05,,,1625,,,,,79.4314200592041
11.557653769879483,342,161771,0.11517571,11.177931,333,0.12620756,5.675120978355408,0.21186265,0.11177931,11.17793075911271,19.363491,0.12231544,4.0911214018706235e-05,0.19363494,0.27106786,1634,25.017975,12.231543,0.25017974,12.231543663662398,79.08675590515136
11.974722732043112,,162662,,,,,5.659601335525513,,,,,,4.0267111526191005e-05,,,1643,,,,,78.93741004943848
12.294828488337824,,163553,,,,,5.635037317276001,,,,,,3.8827621356176675e-05,,,1652,,,,,77.7240143585205
11.05526828458249,,164444,,,,,5.618941402435302,,,,,,3.8268444877758154e-05,,,1661,,,,,77.75552528381348
12.050463853833731,,165335,,,,,5.673947787284851,,,,,,3.939592201277265e-05,,,1670,,,,,79.20540267944335
12.246431870265319,,166226,,,,,5.647685751914978,,,,,,4.001161527412478e-05,,,1679,,,,,78.8903125
11.818420623185444,,167117,,,,,5.6540757846832275,,,,,,4.171144346400979e-05,,,1688,,,,,79.03304870605469
11.04713543776568,,168008,,,,,5.626848464012146,,,,,,4.245109013936599e-05,,,1697,,,,,77.9739225769043
11.178470791551462,,168899,,,,,5.646816291809082,,,,,,4.28399818156322e-05,,,1706,,,,,79.1292244720459
11.157826665217744,,169790,,,,,5.667537522315979,,,,,,4.186455400486011e-05,,,1715,,,,,79.30470199584961
11.972619636362518,360,170681,0.122739114,11.844221,351,0.11654316,5.617208218574524,0.25245354,0.118442215,11.844221082680633,22.939308,0.112880416,3.913123660822748e-05,0.2293931,0.21920139,1724,19.95443,11.288042,0.19954433,11.288041538066336,78.9407095336914
11.517108511643634,,171572,,,,,5.677765607833862,,,,,,4.0515038635930976e-05,,,1733,,,,,79.26333938598633
10.630480594677074,,172463,,,,,5.7024104785919185,,,,,,4.089585348992841e-05,,,1742,,,,,79.76847465515137
11.633234853888057,,173354,,,,,5.64074921131134,,,,,,4.3271277645544616e-05,,,1751,,,,,79.89742881774902
11.721636926217052,,174245,,,,,5.656990346908569,,,,,,4.260228835846647e-05,,,1760,,,,,79.35284889221191
11.546238203685796,,175136,,,,,5.740947322845459,,,,,,4.250816071362351e-05,,,1769,,,,,81.13950325012208
11.581392039438056,,176027,,,,,5.669999012947082,,,,,,4.042121865495574e-05,,,1778,,,,,80.10078918457032
12.053654764700461,,176918,,,,,5.695382089614868,,,,,,3.81354003729939e-05,,,1787,,,,,80.25234901428223
11.810135331521092,,177809,,,,,5.682375907897949,,,,,,3.9252390888577796e-05,,,1796,,,,,80.23442207336426
10.842448877970172,,178700,,,,,5.712049107551575,,,,,,4.352679716248531e-05,,,1805,,,,,80.10661659240722
12.760720207297286,378,179591,0.12376484,12.050739,369,0.1251294,5.725953555107116,0.25795835,0.12050739,12.050739302772275,24.04764,0.12047548,4.5720123871433316e-05,0.24047641,0.26528168,1814,24.030516,12.047548,0.24030517,12.047548248824773,80.39969802856446
12.021292564680094,,180482,,,,,5.674100894927978,,,,,,4.36547272511234e-05,,,1823,,,,,79.61508598327637
11.562685749966334,,181373,,,,,5.703401489257812,,,,,,4.4147540411358935e-05,,,1832,,,,,80.7795588684082
12.031528642688269,,182264,,,,,5.6494397449493405,,,,,,4.3878892956854546e-05,,,1841,,,,,79.26336334228516
12.24240159539604,,183155,,,,,5.715241870880127,,,,,,3.965770807553781e-05,,,1850,,,,,78.9574250793457
11.280794871144263,,184046,,,,,5.756574878692627,,,,,,4.151698876739829e-05,,,1859,,,,,79.21073913574219
11.695568159201615,,184937,,,,,5.67753158569336,,,,,,4.078307993040653e-05,,,1868,,,,,78.53796020507812
11.968821290015532,,185828,,,,,5.697605414390564,,,,,,4.1130216795863814e-05,,,1877,,,,,79.34815406799316
12.279067640836047,,186719,,,,,5.715920696258545,,,,,,4.3737544783652995e-05,,,1886,,,,,79.68644424438476
12.823273647967142,,187610,,,,,5.716177158355713,,,,,,4.0504256485291987e-05,,,1895,,,,,79.3010174560547
12.444791583931496,396,188501,0.12657541,12.6021805,387,0.13114172,5.719616723060608,0.2730419,0.12602182,12.602181111684516,27.007092,0.12813032,4.088216368472786e-05,0.27007094,0.29754817,1904,28.138681,12.813032,0.28138682,12.81303269152868,78.84023193359376
11.32401816971998,,189392,,,,,5.729536399841309,,,,,,4.260056750354124e-05,,,1913,,,,,79.7241357421875
12.725113038365091,,190283,,,,,5.704259614944458,,,,,,4.373069788925932e-05,,,1922,,,,,79.16939750671386
11.602201843975664,,191174,,,,,5.68659255027771,,,,,,4.1345669069414724e-05,,,1931,,,,,78.38048767089843
12.784383636876688,,192065,,,,,5.648478960990905,,,,,,3.888746447046287e-05,,,1940,,,,,78.00440643310547
11.832468056186968,,192956,,,,,5.671071782112121,,,,,,3.981880079663824e-05,,,1949,,,,,78.67612258911133
11.493714093316102,,193847,,,,,5.718208813667298,,,,,,4.082934143298189e-05,,,1958,,,,,79.49729553222656
12.645447816304163,,194738,,,,,5.663611555099488,,,,,,3.809527293924475e-05,,,1967,,,,,78.38621788024902
12.932347057977902,,195629,,,,,5.686080574989319,,,,,,3.8053194530220935e-05,,,1976,,,,,77.62567291259765
11.874511784154253,,196520,,,,,5.766564545631408,,,,,,4.26384415004577e-05,,,1985,,,,,79.49400428771973
12.379359859283355,414,197411,0.12869929,12.466827,405,0.13742645,5.69006917476654,0.28444034,0.12466827,12.466827909510263,26.280687,0.12891515,4.019395586510655e-05,0.26280686,0.33127686,1994,28.559875,12.891514,0.28559875,12.891514827270273,78.45362106323242
11.63106502389564,,198302,,,,,5.806572470664978,,,,,,4.1421786245336987e-05,,,2003,,,,,80.91267333984375
12.163529949870163,,199193,,,,,5.764238195419312,,,,,,4.062028676344198e-05,,,2012,,,,,79.89745330810547
11.326533166369567,,200084,,,,,5.748938565254211,,,,,,4.185221177976928e-05,,,2021,,,,,79.68935699462891
12.657376532481877,,200975,,,,,5.818896422386169,,,,,,4.212890045891982e-05,,,2030,,,,,80.43424850463867
10.950240039904115,,201866,,,,,5.78455231666565,,,,,,4.152488287218148e-05,,,2039,,,,,79.69358444213867
12.789674928712053,,202757,,,,,5.8041742277145385,,,,,,4.366121382190613e-05,,,2048,,,,,79.49358283996582
11.607505842883366,,203648,,,,,5.771786584854126,,,,,,4.068779726367211e-05,,,2057,,,,,79.14244903564453
12.42958976227577,,204539,,,,,5.800522794723511,,,,,,4.256712214555591e-05,,,2066,,,,,79.8502825164795
11.627597153023421,,205430,,,,,5.801876826286316,,,,,,4.192760490695946e-05,,,2075,,,,,80.89861045837402
12.475412584774471,432,206321,0.12669304,12.109208,423,0.12140885,5.795191812515259,0.27367327,0.12109209,12.109209056320243,24.361437,0.116687365,4.2667095531214724e-05,0.24361436,0.24531426,2084,21.99753,11.668736,0.21997528,11.6687368734748,80.79683074951171
12.604658824035901,,207212,,,,,5.848449759483337,,,,,,4.2011674067907734e-05,,,2093,,,,,80.00307830810547
12.651297703917711,,208103,,,,,5.868440871238708,,,,,,3.997638794317027e-05,,,2102,,,,,80.20364135742187
12.708730327064805,,208994,,,,,5.835854635238648,,,,,,3.939749967685202e-05,,,2111,,,,,79.97310981750488
12.085658399922162,,209885,,,,,5.837158994674683,,,,,,3.753230954316677e-05,,,2120,,,,,79.92152359008789
11.825943077051452,,210776,,,,,5.8915643310546875,,,,,,4.2041165361297314e-05,,,2129,,,,,80.76262031555176
12.389973432714214,,211667,,,,,5.904493451118469,,,,,,3.9703284837742107e-05,,,2138,,,,,81.48016288757324
12.420927136127604,,212558,,,,,5.905795216560364,,,,,,4.0682257640582975e-05,,,2147,,,,,81.2003131866455
11.737934870194557,,213449,,,,,5.869948530197144,,,,,,3.927545145415934e-05,,,2156,,,,,81.74569580078125
13.327447214366645,,214340,,,,,5.836456770896912,,,,,,3.947230023186421e-05,,,2165,,,,,81.6398412322998
12.25084528438215,450,215231,0.13052227,12.421102,441,0.12498999,5.840394620895386,0.2942238,0.12421103,12.42110226025247,26.035288,0.12035944,3.81209476654476e-05,0.26035288,0.26453343,2174,23.968239,12.035944,0.23968238,12.03594383664608,79.98642158508301
11.261675138476042,,216122,,,,,5.882349843978882,,,,,,4.062496514961822e-05,,,2183,,,,,80.14836769104004
12.819490793582538,,217013,,,,,5.828068075180053,,,,,,3.909038361598505e-05,,,2192,,,,,80.43077590942383
12.388539421142433,,217904,,,,,5.896319870948791,,,,,,3.8139149128255665e-05,,,2201,,,,,81.03279891967773
12.778570055306053,,218795,,,,,5.918873853683472,,,,,,3.772358524656738e-05,,,2210,,,,,80.17504539489747
13.08546884961644,,219686,,,,,5.877113914489746,,,,,,3.779750757530564e-05,,,2219,,,,,80.69550399780273
12.478270284327476,,220577,,,,,5.8605067873001095,,,,,,3.800820260948967e-05,,,2228,,,,,80.32023788452149
12.696831503752218,,221468,,,,,5.823638939857483,,,,,,3.9589415300724796e-05,,,2237,,,,,79.8640234375
13.141769536801059,,222359,,,,,5.864626426696777,,,,,,3.778337919357e-05,,,2246,,,,,80.66258110046387
12.763515431439494,,223250,,,,,5.859085536003112,,,,,,3.686058638777468e-05,,,2255,,,,,79.95252243041992
12.069026257115636,468,224141,0.12917794,12.170308,459,0.13054882,5.8536354923248295,0.28700912,0.12170308,12.170307698630198,24.689339,0.12553081,3.748339921003208e-05,0.24689336,0.2943663,2264,26.743587,12.553081,0.26743588,12.553081204603679,80.13923110961915
12.467655615506569,,225032,,,,,5.889262990951538,,,,,,3.672989621918532e-05,,,2273,,,,,80.55715782165527
12.361635169108654,,225923,,,,,5.886939668655396,,,,,,3.786130877415417e-05,,,2282,,,,,80.84317779541016
12.579201813937958,,226814,,,,,5.872606964111328,,,,,,3.745696551050059e-05,,,2291,,,,,81.2804573059082
11.753550928267266,,227705,,,,,5.923782105445862,,,,,,3.721804489032365e-05,,,2300,,,,,80.8730711364746
12.631196849822093,,228596,,,,,5.895396084785461,,,,,,3.720679584148456e-05,,,2309,,,,,80.60976219177246
12.00241876907817,,229487,,,,,5.9147433137893675,,,,,,3.598030985813239e-05,,,2318,,,,,81.03652595520019
12.607760594968688,,230378,,,,,5.920614910125733,,,,,,3.479363178485073e-05,,,2327,,,,,80.27178886413574
12.867148986643421,,231269,,,,,5.903737144470215,,,,,,3.562245257853647e-05,,,2336,,,,,80.56347297668457
12.531673242008145,,232160,,,,,5.869690532684326,,,,,,3.5797476375591944e-05,,,2345,,,,,80.32196044921875
12.33567303964256,486,233051,0.13632564,13.2063465,477,0.13265987,5.910812163352967,0.3253691,0.13206346,13.206346606254073,30.249502,0.12905517,3.458815661360859e-05,0.302495,0.3056958,2354,28.635023,12.905517,0.28635022,12.905516672929771,80.34977073669434
12.757427170625762,,233942,,,,,5.89864914894104,,,,,,3.484048591417377e-05,,,2363,,,,,79.65560737609863
12.539484805625465,,234833,,,,,5.927484226226807,,,,,,3.4793559061654376e-05,,,2372,,,,,80.81514007568359
12.394490679395078,,235724,,,,,5.914744033813476,,,,,,3.564540424122242e-05,,,2381,,,,,80.5141438293457
12.265834386855127,,236615,,,,,5.8995851707458495,,,,,,3.544006742231431e-05,,,2390,,,,,80.11971832275391
12.387669559765417,,237506,,,,,5.899064640998841,,,,,,3.6339248217700516e-05,,,2399,,,,,80.64705879211425
12.464035040250211,,238397,,,,,5.877261204719543,,,,,,3.5791969094134404e-05,,,2408,,,,,81.8973324584961
12.203178605943807,,239288,,,,,5.871063714027405,,,,,,3.667892884550383e-05,,,2417,,,,,80.95979164123536
12.279106162847258,,240179,,,,,5.840816898345947,,,,,,3.4941180001624164e-05,,,2426,,,,,80.10745895385742
12.571237246826145,,241070,,,,,5.881118149757385,,,,,,3.694178220030153e-05,,,2435,,,,,80.29368049621581
11.619248594958755,504,241961,0.12935129,12.659494,495,0.12325851,5.874411020278931,0.28793934,0.12659495,12.659494545839806,27.314682,0.12310984,3.578377050871495e-05,0.2731468,0.25524095,2444,25.444313,12.310984,0.2544431,12.31098414724433,80.1982664489746
12.632556795179742,,242852,,,,,5.839187717437744,,,,,,3.5707224251382284e-05,,,2453,,,,,80.70181259155274
12.328284115930183,,243743,,,,,5.878991804122925,,,,,,3.600371972424909e-05,,,2462,,,,,81.9344588470459
12.334504691093422,,244634,,,,,5.798689713478089,,,,,,3.576679817342665e-05,,,2471,,,,,80.34899620056153
12.329205690025434,,245525,,,,,5.8282536602020265,,,,,,3.5577304843172896e-05,,,2480,,,,,79.63287696838378
13.229535113074727,,246416,,,,,5.808166713714599,,,,,,3.337032465424272e-05,,,2489,,,,,79.49574729919433
12.049326363346177,,247307,,,,,5.8367332124710085,,,,,,3.364607830008026e-05,,,2498,,,,,80.61002471923828
12.925051650678798,,248198,,,,,5.8382153844833375,,,,,,3.380372781975893e-05,,,2507,,,,,80.69673896789551
12.599660491484935,,249089,,,,,5.85535475730896,,,,,,3.54128671460785e-05,,,2516,,,,,81.56451530456543
12.078933059781043,,249980,,,,,5.845005688667297,,,,,,3.472969425274641e-05,,,2525,,,,,81.74603775024414
12.46190090117608,522,250871,0.12285744,12.258486,513,0.1250092,5.822884044647217,0.25308847,0.12258485,12.258484539059028,25.16256,0.12331501,3.41668678993301e-05,0.2516256,0.2646365,2534,25.55442,12.331501,0.25554422,12.331501179535744,81.31779304504394
12.120146679103355,,251762,,,,,5.883302435874939,,,,,,3.424284866923699e-05,,,2543,,,,,81.93440536499024
12.181628759900887,,252653,,,,,5.817466354370117,,,,,,3.4518515731178924e-05,,,2552,,,,,80.94958038330078
12.671278120428958,,253544,,,,,5.820540094375611,,,,,,3.465226276603062e-05,,,2561,,,,,80.03891227722168
11.687700246787077,,254435,,,,,5.806098194122314,,,,,,3.537011150910985e-05,,,2570,,,,,80.06410720825195
12.039357664008214,,255326,,,,,5.834861521720886,,,,,,3.682246160678915e-05,,,2579,,,,,81.05051651000977
11.986221814239753,,256217,,,,,5.860986170768737,,,,,,3.631961571954889e-05,,,2588,,,,,80.64818199157715
12.10957387281396,,257108,,,,,5.875014300346375,,,,,,3.726416367499041e-05,,,2597,,,,,80.23070960998535
11.740230226830965,,257999,,,,,5.828697619438171,,,,,,3.72330311256519e-05,,,2606,,,,,80.89289573669434
12.13431013828762,,258890,,,,,5.805835852622986,,,,,,3.565241386240814e-05,,,2615,,,,,81.56188407897949
12.444737076085216,540,259781,0.12677327,12.647441,531,0.12488076,5.8537481498718265,0.2741038,0.1264744,12.647439695844229,27.249985,0.123649105,3.649679543741513e-05,0.27249986,0.26394722,2624,25.73372,12.364911,0.2573372,12.364910397518525,81.6284024810791
12.137529985028083,,260672,,,,,5.905943489074707,,,,,,3.569295244233217e-05,,,2633,,,,,82.06939537048339
11.78663337045485,,261563,,,,,5.858456568717957,,,,,,3.5175051434634954e-05,,,2642,,,,,82.14753257751465
12.642807018935706,,262454,,,,,5.961125349998474,,,,,,3.626224119216204e-05,,,2651,,,,,83.41524467468261
12.03273413755307,,263345,,,,,5.915597620010376,,,,,,3.5986906095786256e-05,,,2660,,,,,81.67636390686035
13.159405154981307,,264236,,,,,5.981908149719239,,,,,,3.745360585526214e-05,,,2669,,,,,82.64813438415527
11.756697192582022,,265127,,,,,5.96296416759491,,,,,,3.494286998829921e-05,,,2678,,,,,82.81541198730469
12.370193951699017,,266018,,,,,5.914088840484619,,,,,,3.688631410113885e-05,,,2687,,,,,82.77740219116211
12.841019631630827,,266909,,,,,5.964626784324646,,,,,,3.902045034919866e-05,,,2696,,,,,83.54921333312988
13.254841771553162,,267800,,,,,5.940801935195923,,,,,,3.7525919906329365e-05,,,2705,,,,,82.83676818847657
11.71397553396032,558,268691,0.12112191,11.842883,549,0.13122718,5.909952182769775,0.24377435,0.118428834,11.842883264499745,22.932133,0.12680739,3.712756046297727e-05,0.2293213,0.29800683,2714,27.428688,12.6807375,0.27428687,12.68073759130149,81.36280075073242
12.69939695373704,,269582,,,,,5.946292414665222,,,,,,3.881384976921254e-05,,,2723,,,,,81.843617477417
12.491270778065655,,270473,,,,,5.983867206573486,,,,,,3.6298071117926154e-05,,,2732,,,,,82.4097103881836
12.490914717262747,,271364,,,,,6.028656649589538,,,,,,3.6555876286001875e-05,,,2741,,,,,82.91014602661133
13.457165829382587,,272255,,,,,5.94794080734253,,,,,,3.613451173805515e-05,,,2750,,,,,82.24153610229492
12.777596318384623,,273146,,,,,5.959935722351074,,,,,,3.7974694751028435e-05,,,2759,,,,,83.022398147583
12.092207628872341,,274037,,,,,6.002739887237549,,,,,,3.818844572379021e-05,,,2768,,,,,83.40675979614258
12.35554048752062,,274928,,,,,5.989999861717224,,,,,,4.098551691640751e-05,,,2777,,,,,83.37298629760743
12.245506105180361,,275819,,,,,6.011880378723145,,,,,,4.1450719800195655e-05,,,2786,,,,,82.69303382873535
11.631288704542762,,276710,,,,,6.000009126663208,,,,,,4.145033039094415e-05,,,2795,,,,,81.75728385925294
12.242106117569307,576,277601,0.13357432,13.106745,567,0.12671906,5.952626557350158,0.31060335,0.13106744,13.106744591823167,29.714962,0.12652105,4.041769794639549e-05,0.2971496,0.2738129,2804,27.275026,12.652105,0.2727503,12.652105829546976,82.47874877929688
12.714515890800687,,278492,,,,,6.022604489326477,,,,,,3.899889814420021e-05,,,2813,,,,,82.9042593383789
12.366222769491698,,279383,,,,,5.990852494239807,,,,,,4.1495149289403344e-05,,,2822,,,,,82.39609352111816
13.016643879661196,,280274,,,,,5.9552997827529905,,,,,,4.0583574646007036e-05,,,2831,,,,,82.06466827392578
12.288369061103056,,281165,,,,,5.961012010574341,,,,,,4.031724987726193e-05,,,2840,,,,,81.95056747436523
13.223287423047761,,282056,,,,,5.994647598266601,,,,,,3.890875579600106e-05,,,2849,,,,,82.33226303100587
12.764013690398798,,282947,,,,,5.937333564758301,,,,,,3.784836728300434e-05,,,2858,,,,,81.49968681335449
13.727054959615513,,283838,,,,,5.941616630554199,,,,,,4.069260643518646e-05,,,2867,,,,,81.77558685302735
12.002864163053886,,284729,,,,,5.92488064289093,,,,,,3.9220815615408356e-05,,,2876,,,,,81.24653526306152
13.158146244033317,,285620,,,,,5.960423364639282,,,,,,4.228060513923992e-05,,,2885,,,,,80.97993225097656
12.972728821890076,594,286511,0.13557974,13.052654,585,0.13661343,5.928352470397949,0.32136592,0.13052654,13.052654643284248,29.424673,0.13280697,4.0164831480069554e-05,0.29424676,0.32691357,2894,30.648521,13.280697,0.30648527,13.280697499055863,81.95898529052734
13.502859623820292,,287402,,,,,5.911012539863586,,,,,,4.058302240082412e-05,,,2903,,,,,81.4422982788086
13.744355254690994,,288293,,,,,5.966133031845093,,,,,,4.090118320164038e-05,,,2912,,,,,81.26427947998047
14.200067670337084,,289184,,,,,5.927624931335449,,,,,,4.424974982612184e-05,,,2921,,,,,81.40253646850586
12.63449849889836,,290075,,,,,5.906827449798584,,,,,,3.994181815869524e-05,,,2930,,,,,80.39150642395019
12.50006812178706,,290966,,,,,5.933130760192871,,,,,,4.05187100841431e-05,,,2939,,,,,80.81260604858399
11.974920449925833,,291857,,,,,5.9249656295776365,,,,,,3.954258712838055e-05,,,2948,,,,,80.75367393493653
13.584425297133265,,292748,,,,,5.9627679300308225,,,,,,4.0062031948764344e-05,,,2957,,,,,81.29850593566894
13.675374774737115,,293639,,,,,5.908707571029663,,,,,,3.947204779251479e-05,,,2966,,,,,80.46459266662598
12.681543608625882,,294530,,,,,5.873666639328003,,,,,,3.777375670324545e-05,,,2975,,,,,80.27118461608887
14.606160995293319,612,295421,0.1275577,12.578487,603,0.1301162,5.878763923645019,0.27831358,0.12578487,12.578487638940398,26.879938,0.1269338,3.8442577824753244e-05,0.2687994,0.2920445,2984,27.496536,12.69338,0.27496538,12.69337994765055,79.72761756896972
12.829703572283497,,296312,,,,,5.920071806907654,,,,,,4.0004182865231995e-05,,,2993,,,,,80.00920219421387
13.313597708456253,,297203,,,,,5.90703670501709,,,,,,4.128842727368465e-05,,,3002,,,,,80.63503890991211
12.759294998558218,,298094,,,,,5.922378010749817,,,,,,3.7803526738571235e-05,,,3011,,,,,80.83771949768067
13.236643617385695,,298985,,,,,5.840148634910584,,,,,,3.936680668630288e-05,,,3020,,,,,79.55259475708007
13.066420533300864,,299876,,,,,5.831418571472168,,,,,,3.867624063786934e-05,,,3029,,,,,80.3447575378418
13.3879867672931,,300767,,,,,5.821294360160827,,,,,,3.8684004939568697e-05,,,3038,,,,,79.88151672363281
12.658293242867392,,301658,,,,,5.8734413385391235,,,,,,3.9047532463882814e-05,,,3047,,,,,79.57064476013184
12.956880157823326,,302549,,,,,5.842480421066284,,,,,,3.8394404964492426e-05,,,3056,,,,,80.69898635864257
13.36385253240369,,303440,,,,,5.9101804256439205,,,,,,3.710168575707939e-05,,,3065,,,,,80.54658866882325
13.170140710478286,630,304331,0.12855901,12.489455,621,0.14106326,5.8562864542007445,0.28368738,0.124894544,12.489454957367139,26.402122,0.13617605,3.854053607938113e-05,0.2640212,0.3507946,3074,32.45662,13.617604,0.3245662,13.617604281044141,79.63294853210449
12.720061360418539,,305222,,,,,5.863506650924682,,,,,,3.583341660487349e-05,,,3083,,,,,79.92755386352539
12.584856870360449,,306113,,,,,5.8004014110565185,,,,,,3.653566149296239e-05,,,3092,,,,,79.66365859985352
13.635529838478284,,307004,,,,,5.894308590888977,,,,,,3.727480876477784e-05,,,3101,,,,,79.6078556060791
13.300129856462258,,307895,,,,,5.78679048538208,,,,,,3.498233381833415e-05,,,3110,,,,,78.9260353088379
12.969981927985595,,308786,,,,,5.859159164428711,,,,,,3.599333856982412e-05,,,3119,,,,,79.33925201416015
11.942278169238513,,309677,,,,,5.888865375518799,,,,,,3.631941581261344e-05,,,3128,,,,,80.25136535644532
13.732999474534157,,310568,,,,,5.801528706550598,,,,,,3.3443438096583125e-05,,,3137,,,,,79.26788299560548
13.291257076154334,,311459,,,,,5.843631706237793,,,,,,3.5690704335138436e-05,,,3146,,,,,79.58467277526856
14.392836319920658,,312350,,,,,5.850920815467834,,,,,,3.462971677436144e-05,,,3155,,,,,79.67115997314453
13.25463031323106,648,313241,0.13912381,13.84163,639,0.12722287,5.856165413856506,0.3403861,0.13841629,13.841629787422944,33.65891,0.12458451,3.670684302051086e-05,0.3365891,0.27651677,3164,26.235731,12.458451,0.26235726,12.458451070618374,79.08263496398926
13.654660757132937,,314132,,,,,5.806219353675842,,,,,,3.672762009955477e-05,,,3173,,,,,79.27194473266601
12.212968547822564,,315023,,,,,5.813221430778503,,,,,,3.664758658487699e-05,,,3182,,,,,79.65944366455078
14.038120582958253,,315914,,,,,5.879993782043457,,,,,,3.706339779455448e-05,,,3191,,,,,79.97911254882813
12.872638159921406,,316805,,,,,5.8856786298751835,,,,,,3.586286884456058e-05,,,3200,,,,,80.17722534179687
13.512626044780628,,317696,,,,,5.831338481903076,,,,,,3.570412729459349e-05,,,3209,,,,,80.0698388671875
13.617263513402897,,318587,,,,,5.863054623603821,,,,,,3.5079495664831486e-05,,,3218,,,,,79.07301605224609
13.152273182777527,,319478,,,,,5.824700784683228,,,,,,3.479474233245128e-05,,,3227,,,,,78.94072891235352
13.009738645471126,,320369,,,,,5.839641079902649,,,,,,3.733230987563729e-05,,,3236,,,,,79.86977394104004
13.71011995568164,,321260,,,,,5.85090184211731,,,,,,3.5869712955900465e-05,,,3245,,,,,80.09445838928222
13.492714488654263,666,322151,0.13811487,13.363989,657,0.14372814,5.778540263175964,0.3349715,0.1336399,13.363989429096627,31.09553,0.13891487,3.377018452738412e-05,0.31095532,0.36509642,3254,33.92648,13.891487,0.3392648,13.891486674632413,78.75902755737305
12.793413833678141,,323042,,,,,5.824263429641723,,,,,,3.508279796733404e-05,,,3263,,,,,79.41784576416016
12.56009247158734,,323933,,,,,5.8097313785552975,,,,,,3.4161257553932954e-05,,,3272,,,,,79.29033538818359
12.329082830478663,,324824,,,,,5.799078946113586,,,,,,3.457987531874096e-05,,,3281,,,,,78.66266159057618
14.316710837727713,,325715,,,,,5.780504183769226,,,,,,3.437545527049224e-05,,,3290,,,,,79.54409126281739
13.323887869127763,,326606,,,,,5.788323087692261,,,,,,3.5074543447990436e-05,,,3299,,,,,79.5087622833252
13.626633721983998,,327497,,,,,5.77791729927063,,,,,,3.5461366296658524e-05,,,3308,,,,,78.89638252258301
13.053508291155145,,328388,,,,,5.815773715972901,,,,,,3.510739592456957e-05,,,3317,,,,,79.06841529846191
13.62014496057556,,329279,,,,,5.751026077270508,,,,,,3.492417910820223e-05,,,3326,,,,,78.13089340209962
13.418612867526369,,330170,,,,,5.781653695106506,,,,,,3.554285654900014e-05,,,3335,,,,,78.58212394714356
14.015401703458934,684,331061,0.1434962,13.933865,675,0.1405999,5.732173557281494,0.3638516,0.13933867,13.93386630641933,34.153915,0.1367095,3.707935346028535e-05,0.34153923,0.348308,3344,32.74291,13.670949,0.3274291,13.670949786268796,78.07895294189453
13.350420332576752,,331952,,,,,5.727113547325135,,,,,,3.475077928669634e-05,,,3353,,,,,78.80373847961425
12.842679521138642,,332843,,,,,5.69885899066925,,,,,,3.361724895512452e-05,,,3362,,,,,77.96363143920898
13.133930865780505,,333734,,,,,5.690048060417175,,,,,,3.355276936417795e-05,,,3371,,,,,77.6464794921875
12.453062982629897,,334625,,,,,5.684487662315369,,,,,,3.2680303957022264e-05,,,3380,,,,,77.71199096679688
12.788031593834955,,335516,,,,,5.662653346061706,,,,,,3.2574641682003855e-05,,,3389,,,,,77.72261489868164
13.58598159584101,,336407,,,,,5.646641039848328,,,,,,3.2772301583463556e-05,,,3398,,,,,77.41422157287597
13.281716782249276,,337298,,,,,5.621031160354614,,,,,,3.290602911874885e-05,,,3407,,,,,77.34560005187988
12.66284880718207,,338189,,,,,5.549040117263794,,,,,,3.127071000562864e-05,,,3416,,,,,76.5904322052002
13.1959274018941,,339080,,,,,5.564552049636841,,,,,,3.2104469391924793e-05,,,3425,,,,,76.71508239746093
11.946877924401052,702,339971,0.13832417,13.576331,693,0.13006002,5.622575407028198,0.33609462,0.13576332,13.576330519665978,32.23511,0.12561175,3.4082765996572565e-05,0.32235113,0.29174304,3434,26.78703,12.561176,0.2678703,12.561176016010501,77.17404037475586
12.54578331488057,,340862,,,,,5.612092995643616,,,,,,3.464116662144079e-05,,,3443,,,,,76.48404838562011
12.035953772217301,,341753,,,,,5.563395209312439,,,,,,3.4273210039827973e-05,,,3452,,,,,77.22509056091309
12.419119787532107,,342644,,,,,5.572257466316223,,,,,,3.528287628796534e-05,,,3461,,,,,76.80633850097657
12.767853502595987,,343535,,,,,5.547695870399475,,,,,,3.444904570642393e-05,,,3470,,,,,76.19054542541504
13.28353323007108,,344426,,,,,5.58388108253479,,,,,,3.584824611607473e-05,,,3479,,,,,76.67429321289063
13.113880840083176,,345317,,,,,5.4708991050720215,,,,,,3.2115434059960535e-05,,,3488,,,,,75.86257064819335
13.78641010590417,,346208,,,,,5.469272670745849,,,,,,3.311300368295633e-05,,,3497,,,,,75.09779251098632
13.527864156714323,,347099,,,,,5.476170935630798,,,,,,3.3601810973777904e-05,,,3506,,,,,75.49325103759766
12.628829735321972,,347990,,,,,5.4398483514785765,,,,,,3.3729403803590685e-05,,,3515,,,,,75.74116493225098
12.777582052962732,720,348881,0.14012803,13.384869,711,0.13273022,5.426290664672852,0.3457755,0.1338487,13.384869405207265,31.20759,0.13377205,3.370429867572966e-05,0.31207588,0.3060733,3524,31.16645,13.377205,0.3116645,13.377204192327712,75.00036087036133
12.692081775427502,,349772,,,,,5.409655609130859,,,,,,3.335966895974707e-05,,,3533,,,,,74.5483242034912
12.247118692595881,,350663,,,,,5.444293746948242,,,,,,3.473558623227291e-05,,,3542,,,,,75.02286476135254
13.215139930981909,,351554,,,,,5.407041144371033,,,,,,3.3486486063338813e-05,,,3551,,,,,75.3214924621582
13.286779340160697,,352445,,,,,5.40527801990509,,,,,,3.33674955436436e-05,,,3560,,,,,74.93058326721192
13.017826091487558,,353336,,,,,5.4270774269104,,,,,,3.3021449416992256e-05,,,3569,,,,,74.80446907043456
11.908159199587248,,354227,,,,,5.418435688018799,,,,,,3.204380829629372e-05,,,3578,,,,,74.85163803100586
12.986241383243971,,355118,,,,,5.401403865814209,,,,,,3.2284383196383714e-05,,,3587,,,,,75.49358184814453
12.578032020916364,,356009,,,,,5.433541402816773,,,,,,3.393510543901357e-05,,,3596,,,,,76.31597991943359
13.37147617852997,,356900,,,,,5.38769898891449,,,,,,3.363350824656663e-05,,,3605,,,,,75.27310417175293
13.896671754568857,738,357791,0.13142866,13.001755,729,0.12485989,5.372564973831177,0.29908812,0.13001753,13.00175389992862,29.151503,0.12495026,3.349431701280992e-05,0.29151502,0.26383516,3614,26.432024,12.495028,0.2643202,12.495026383161793,74.8317765045166
13.20086980155911,,358682,,,,,5.454312319755554,,,,,,3.2712018764868844e-05,,,3623,,,,,75.65412467956543
12.945910913923655,,359573,,,,,5.37095230102539,,,,,,3.2701986256142846e-05,,,3632,,,,,74.85798286437988
12.759358847269148,,360464,,,,,5.406196146011353,,,,,,3.576350754883606e-05,,,3641,,,,,75.2792978668213
12.037880206273067,,361355,,,,,5.409141840934754,,,,,,3.322271451907e-05,,,3650,,,,,75.60284294128418
12.070198423674373,,362246,,,,,5.410355558395386,,,,,,3.312104317956255e-05,,,3659,,,,,75.33474548339844
13.663734115552153,,363137,,,,,5.403631110191345,,,,,,3.304005029349355e-05,,,3668,,,,,75.08794639587403
13.994240793606187,,364028,,,,,5.3938280916213985,,,,,,3.3072078203986165e-05,,,3677,,,,,75.81256958007812
13.033477646876655,,364919,,,,,5.421997613906861,,,,,,3.136981864372501e-05,,,3686,,,,,75.78780090332032
13.171766119259471,,365810,,,,,5.396049118041992,,,,,,3.2809887525218077e-05,,,3695,,,,,75.21791412353515
12.831304710621128,756,366701,0.14297503,13.583888,747,0.1275685,5.405287737846375,0.36105478,0.13583888,13.583887733426076,32.27567,0.12437086,3.12193868921895e-05,0.32275668,0.2783717,3704,26.12107,12.437086,0.2612107,12.437086310866016,75.51468742370605
13.258210026056933,,367592,,,,,5.358337144851685,,,,,,3.105837196926586e-05,,,3713,,,,,74.57470420837403
12.795180212424246,,368483,,,,,5.372989840507508,,,,,,2.992698684465722e-05,,,3722,,,,,74.9818270111084
13.571790050255204,,369374,,,,,5.378647274971009,,,,,,3.126282226730837e-05,,,3731,,,,,75.79295738220215
13.45796544910058,,370265,,,,,5.428204994201661,,,,,,3.141311250146828e-05,,,3740,,,,,76.13520248413086
13.278414958972022,,371156,,,,,5.356976914405823,,,,,,3.0481823960144537e-05,,,3749,,,,,75.27042976379394
12.886232000125068,,372047,,,,,5.384966244697571,,,,,,3.0575906985177424e-05,,,3758,,,,,75.24690338134765
13.342225973006853,,372938,,,,,5.410698132514954,,,,,,3.0501420787913958e-05,,,3767,,,,,75.74739128112793
12.877897157848597,,373829,,,,,5.428762927055359,,,,,,3.3871165542223025e-05,,,3776,,,,,75.9442798614502
13.178178561722778,,374720,,,,,5.40674855709076,,,,,,3.126998173684115e-05,,,3785,,,,,75.25946464538575
12.444298722557175,774,375611,0.1407854,13.635407,765,0.14501087,5.411158475875855,0.34930345,0.13635406,13.635406021709981,32.55215,0.13626765,3.247195701987948e-05,0.32552156,0.37198052,3794,32.50578,13.626764,0.32505777,13.62676401893529,76.05671684265137
12.96660052672605,,376502,,,,,5.419308443069458,,,,,,3.1119749837671404e-05,,,3803,,,,,75.87024070739746
12.253998929350177,,377393,,,,,5.390298886299133,,,,,,2.988765754707856e-05,,,3812,,,,,75.19853134155274
12.663649401514279,,378284,,,,,5.411286892890931,,,,,,3.136328803520883e-05,,,3821,,,,,75.57707077026367
11.550790204084008,,379175,,,,,5.469965591430664,,,,,,3.40914784828783e-05,,,3830,,,,,76.75244979858398
11.9117656669329,,380066,,,,,5.467673764228821,,,,,,3.206478950232849e-05,,,3839,,,,,76.9666120147705
12.261653810154288,,380957,,,,,5.427109398841858,,,,,,3.261635702074272e-05,,,3848,,,,,76.27835571289063
12.146568821595926,,381848,,,,,5.411241278648377,,,,,,3.426920937272371e-05,,,3857,,,,,76.2469059753418
13.523373638946724,,382739,,,,,5.474538588523865,,,,,,3.500138394883834e-05,,,3866,,,,,76.57415168762208
10.397092726176409,,383630,,,,,5.405592880249023,,,,,,3.258943192122388e-05,,,3875,,,,,76.31635147094727
11.765222989830477,792,384521,0.12797813,12.396507,783,0.11744266,5.558917427062989,0.28056994,0.12396506,12.396506838213412,25.903288,0.11655038,3.446956900006626e-05,0.2590329,0.22402872,3884,21.924017,11.65504,0.21924016,11.655038682534503,77.79713005065918
12.9522331290182,,385412,,,,,5.463647065162658,,,,,,3.762321985050221e-05,,,3893,,,,,77.49808502197266
12.600686775511175,,386303,,,,,5.457735557556152,,,,,,3.6605242330551844e-05,,,3902,,,,,77.91295783996583
13.389444358702237,,387194,,,,,5.448590068817139,,,,,,3.3419641422369753e-05,,,3911,,,,,76.71503295898438
13.39844665781044,,388085,,,,,5.456030344963073,,,,,,3.543553664712817e-05,,,3920,,,,,76.72162200927734
12.370899346171536,,388976,,,,,5.453837609291076,,,,,,3.409176903005573e-05,,,3929,,,,,77.17746879577636
12.023457085072799,,389867,,,,,5.474568829536438,,,,,,3.47454272377945e-05,,,3938,,,,,77.5053857421875
12.937216486349019,,390758,,,,,5.483118100166321,,,,,,3.423213969654171e-05,,,3947,,,,,77.03904350280762
11.705152257873566,,391649,,,,,5.469068059921264,,,,,,3.414226604945725e-05,,,3956,,,,,76.3448055267334
13.348641025534514,,392540,,,,,5.508277473449707,,,,,,3.519583011438954e-05,,,3965,,,,,77.05602600097656
13.436478465830419,810,393431,0.1387466,13.3270235,801,0.13754722,5.483329982757568,0.33836183,0.13327025,13.32702430132662,30.897148,0.13793683,3.442683071625652e-05,0.3089715,0.33192495,3974,33.401592,13.793684,0.3340159,13.793683213700982,76.8821192932129
13.548510128859444,,394322,,,,,5.44563141822815,,,,,,3.2420920142612885e-05,,,3983,,,,,76.16253730773926
14.07065280014775,,395213,,,,,5.490740184783935,,,,,,3.162631135637639e-05,,,3992,,,,,76.94414627075196
13.97119227075084,,396104,,,,,5.46481999874115,,,,,,3.221464876332902e-05,,,4001,,,,,76.19911567687988
13.065804895812775,,396995,,,,,5.429567122459412,,,,,,3.227828008675715e-05,,,4010,,,,,76.26288002014161
13.178676664551963,,397886,,,,,5.459110856056213,,,,,,3.3348895831295524e-05,,,4019,,,,,76.22211524963379
13.097607889526063,,398777,,,,,5.475117945671082,,,,,,3.287274499598425e-05,,,4028,,,,,75.53994483947754
12.87411479178564,,399668,,,,,5.493243408203125,,,,,,3.310464628157206e-05,,,4037,,,,,75.65137878417968
14.215227712728755,,400559,,,,,5.479480481147766,,,,,,3.3444634009356375e-05,,,4046,,,,,76.50791328430176
12.584608426618244,,401450,,,,,5.519593939781189,,,,,,3.65752294237609e-05,,,4055,,,,,76.4001798248291
13.847641825713632,828,402341,0.14062646,13.417954,819,0.14357036,5.505325179100037,0.34845048,0.13417953,13.417953860833917,31.385145,0.14008431,3.4338622026552915e-05,0.31385145,0.3642496,4064,34.554096,14.008432,0.34554097,14.008432144060352,76.74577804565429
13.155054228299482,,403232,,,,,5.437783799171448,,,,,,3.2916566105996025e-05,,,4073,,,,,76.16484893798828
13.482336030730291,,404123,,,,,5.479779467582703,,,,,,3.332961821797653e-05,,,4082,,,,,76.70864639282226
13.453503903417063,,405014,,,,,5.4530103969573975,,,,,,3.1396428857988214e-05,,,4091,,,,,75.55804275512695
12.953058835643242,,405905,,,,,5.472645292282104,,,,,,3.2538237028347795e-05,,,4100,,,,,75.41186836242676
12.996921469929084,,406796,,,,,5.464534502029419,,,,,,3.3380747699993664e-05,,,4109,,,,,75.76708282470703
13.210671345892727,,407687,,,,,5.456221060752869,,,,,,3.154805974190822e-05,,,4118,,,,,75.60521339416503
12.292087341980665,,408578,,,,,5.484013199806213,,,,,,3.325659863548935e-05,,,4127,,,,,75.97555778503418
12.999037530278398,,409469,,,,,5.457780461311341,,,,,,3.246622178266989e-05,,,4136,,,,,75.57144012451172
14.863132550452,,410360,,,,,5.511687922477722,,,,,,3.224178955861135e-05,,,4145,,,,,76.11488510131836
13.472274634363792,846,411251,0.13091981,12.677184,837,0.13827793,5.46701485157013,0.29635733,0.12677184,12.677184241092583,27.409615,0.13399799,3.197646352418815e-05,0.27409616,0.33584642,4154,31.28772,13.399799,0.3128772,13.399800223869303,75.82030487060547
14.02211447872631,,412142,,,,,5.485482134819031,,,,,,3.21914762207598e-05,,,4163,,,,,75.87896446228028
13.9926516889133,,413033,,,,,5.415815992355347,,,,,,3.1197591797536004e-05,,,4172,,,,,74.89672996520996
12.86029400015707,,413924,,,,,5.50418037891388,,,,,,3.234765026718378e-05,,,4181,,,,,76.31921722412109
13.763072038372469,,414815,,,,,5.474514079093933,,,,,,3.252441370932502e-05,,,4190,,,,,75.83670227050781
13.087497276249685,,415706,,,,,5.447874274253845,,,,,,3.344254841067596e-05,,,4199,,,,,74.98223785400391
13.629503474631322,,416597,,,,,5.495501985549927,,,,,,3.6009346731589174e-05,,,4208,,,,,75.71913879394532
13.406514658877382,,417488,,,,,5.471486577987671,,,,,,3.2838106290000726e-05,,,4217,,,,,75.43376091003418
13.644192261860569,,418379,,,,,5.469221200942993,,,,,,3.5096695937681944e-05,,,4226,,,,,75.82918884277343
12.61266398929588,,419270,,,,,5.474283323287964,,,,,,3.189067007042468e-05,,,4235,,,,,75.73705856323242
11.96735531935587,864,420161,0.14203049,13.684337,855,0.13803989,5.450274453163147,0.35598552,0.13684338,13.684337465025655,32.81476,0.13510136,3.19940413646691e-05,0.3281476,0.334569,4244,31.879866,13.510137,0.3187987,13.510136640098986,75.42443840026856
12.670074356370082,,421052,,,,,5.476143188476563,,,,,,3.314079578558449e-05,,,4253,,,,,76.20633598327636
13.285703168589237,,421943,,,,,5.42014582157135,,,,,,3.2917894423007965e-05,,,4262,,,,,75.4357014465332
13.181713049009192,,422834,,,,,5.474718551635743,,,,,,3.117989859674708e-05,,,4271,,,,,76.03664169311523
13.432677871223945,,423725,,,,,5.471211919784546,,,,,,3.310344380224706e-05,,,4280,,,,,75.82786346435547
12.572488389266947,,424616,,,,,5.460298624038696,,,,,,3.1553552817058516e-05,,,4289,,,,,75.565849609375
13.248924262753254,,425507,,,,,5.535208587646484,,,,,,3.204498500053887e-05,,,4298,,,,,76.0747841644287
13.157400309517852,,426398,,,,,5.522647242546082,,,,,,3.2813477664603854e-05,,,4307,,,,,76.67795845031738
13.881193711933062,,427289,,,,,5.486462302207947,,,,,,3.372011338797165e-05,,,4316,,,,,77.02258308410644
12.993457799126563,,428180,,,,,5.459624147415161,,,,,,3.390353318536654e-05,,,4325,,,,,76.41848175048828
14.099838844052245,882,429071,0.1349562,13.120617,873,0.14253391,5.47432137966156,0.31801972,0.13120617,13.120616734919656,29.789408,0.13884398,3.294190430096933e-05,0.2978941,0.3586873,4334,33.888435,13.8843975,0.33888435,13.884397794508487,76.24968307495118
12.806079473959095,,429962,,,,,5.467845153808594,,,,,,3.109527964625158e-05,,,4343,,,,,75.40598068237304
12.678709691232408,,430853,,,,,5.485362253189087,,,,,,3.0857615329296095e-05,,,4352,,,,,75.7653815460205
14.266858971398234,,431744,,,,,5.520473690032959,,,,,,3.149418262182735e-05,,,4361,,,,,76.65224029541015
13.184996478805203,,432635,,,,,5.480647106170654,,,,,,3.0024406587472186e-05,,,4370,,,,,76.653696975708
13.9342279113257,,433526,,,,,5.435337634086609,,,,,,3.047978363611037e-05,,,4379,,,,,76.24519706726075
12.683427483494208,,434417,,,,,5.459440994262695,,,,,,3.0541467622242636e-05,,,4388,,,,,76.00535690307618
13.015052919779846,,435308,,,,,5.483682909011841,,,,,,3.162446180795086e-05,,,4397,,,,,76.56366508483887
14.27814048307683,,436199,,,,,5.462193241119385,,,,,,2.9933554433227983e-05,,,4406,,,,,76.35929382324218
12.997501396904575,,437090,,,,,5.3904788780212405,,,,,,2.8953517339687096e-05,,,4415,,,,,75.74010650634766
13.485233642775158,900,437981,0.13234478,12.930986,891,0.13487695,5.426864628791809,0.3040048,0.12930988,12.930987096904484,28.771715,0.13530546,3.0071787223278078e-05,0.28771716,0.31759423,4424,31.989407,13.530546,0.31989405,13.530546607802641,75.82890830993652
13.492653840699393,,438872,,,,,5.4521982908248905,,,,,,3.0275176377472236e-05,,,4433,,,,,76.33677543640137
13.629150952051617,,439763,,,,,5.3909382104873655,,,,,,2.86445261008339e-05,,,4442,,,,,75.69145484924316
13.625202795159991,,440654,,,,,5.442511954307556,,,,,,3.0238599592848913e-05,,,4451,,,,,76.14361518859863
13.830890693861003,,441545,,,,,5.422699685096741,,,,,,2.9364867514232175e-05,,,4460,,,,,75.8117448425293
13.347881029187683,,442436,,,,,5.429735941886902,,,,,,2.9247937181935412e-05,,,4469,,,,,75.76275871276856
12.802569939212692,,443327,,,,,5.430861072540283,,,,,,2.997219484313973e-05,,,4478,,,,,76.1943359375
13.691577071983724,,444218,,,,,5.419281778335571,,,,,,3.023162875251728e-05,,,4487,,,,,76.1367707824707
12.659961195119347,,445109,,,,,5.4275285387039185,,,,,,3.0605414940509947e-05,,,4496,,,,,76.14720565795898
12.794286936338532,,446000,,,,,5.407611970901489,,,,,,3.063287129407399e-05,,,4505,,,,,76.3032357788086
13.236463066909863,918,446891,0.14304084,13.928063,909,0.13609734,5.440700678825379,0.36140788,0.13928063,13.928064344926355,34.12278,0.13400058,3.115197792794788e-05,0.34122783,0.3241438,4514,31.28911,13.400059,0.3128911,13.40005965499696,75.9324633026123
12.656067125305608,,447782,,,,,5.4533435726165775,,,,,,3.069585511184414e-05,,,4523,,,,,76.85900642395019
13.082280775875986,,448673,,,,,5.396131873130798,,,,,,3.191330271874904e-05,,,4532,,,,,75.42053443908691
14.1254558087508,,449564,,,,,5.4408633375167845,,,,,,3.0885822543496036e-05,,,4541,,,,,76.28588943481445
13.401816177073405,,450455,,,,,5.380842337608337,,,,,,2.9866604727430967e-05,,,4550,,,,,75.34396774291992
12.45484242714991,,451346,,,,,5.458149924278259,,,,,,2.9626167379319667e-05,,,4559,,,,,76.30779319763184
13.459496856718609,,452237,,,,,5.446524252891541,,,,,,3.052364081668202e-05,,,4568,,,,,75.74102462768555
13.103542784436229,,453128,,,,,5.4611356067657475,,,,,,2.8500718653958755e-05,,,4577,,,,,76.22542655944824
12.738951938588526,,454019,,,,,5.399881262779235,,,,,,2.983650128953741e-05,,,4586,,,,,75.93208641052246
12.676262610008944,,454910,,,,,5.470607771873474,,,,,,2.933408944954863e-05,,,4595,,,,,76.56133071899414
14.606140310203784,936,455801,0.14668761,14.207063,927,0.13866526,5.413376889228821,0.38097918,0.14207064,14.207063235615259,35.620102,0.13511059,3.0049194683670067e-05,0.356201,0.33792526,4604,31.884823,13.51106,0.3188482,13.511059794763568,76.42510520935059
14.214782191542971,,456692,,,,,5.3945360231399535,,,,,,2.9312637489056216e-05,,,4613,,,,,75.87607269287109
13.738548424814619,,457583,,,,,5.365464200973511,,,,,,2.8461633355618688e-05,,,4622,,,,,75.47514305114746
13.113886403361724,,458474,,,,,5.418217182159424,,,,,,2.8420367943908786e-05,,,4631,,,,,75.28123611450195
12.954012265737195,,459365,,,,,5.403691921234131,,,,,,2.9047722582618006e-05,,,4640,,,,,75.67370903015137
13.371011442491984,,460256,,,,,5.40295578956604,,,,,,3.0280024420790143e-05,,,4649,,,,,75.83340881347657
13.734264914715027,,461147,,,,,5.421098470687866,,,,,,2.9782379569951445e-05,,,4658,,,,,76.17110229492188
13.576673314223152,,462038,,,,,5.430472211837769,,,,,,3.0345194554683987e-05,,,4667,,,,,75.97032989501953
12.779281756393509,,462929,,,,,5.385159454345703,,,,,,2.9242960481496992e-05,,,4676,,,,,75.2619172668457
13.052544298460301,,463820,,,,,5.41967963218689,,,,,,3.1185879142867636e-05,,,4685,,,,,75.88895401000977
